user,job_name,job_company,job_date,job_local
catiatina,Talent Acquisition Specialist - Human Resources Consultant,Natixis in Portugal · Full-time,May 2021 - Present · 1 yr 10 mos,"Porto, Portugal"
catiatina,Talent Acquisition Specialist,CUF - Hospitais e Clínicas,Oct 2020 - May 2021 · 8 mos,Porto/Viseu/Coimbra
catiatina,Human Resources Consultant,Grupo Multipessoal,Oct 2017 - Oct 2020 · 3 yrs 1 mo,Porto
catiatina,Patient Care,OralMED Clínicas Dentárias,Mar 2015 - Sep 2016 · 1 yr 7 mos,NA
catiatina,Account Manager,"Cmobile Telecomunicações, Lda.",Mar 2014 - Dec 2015 · 1 yr 10 mos,NA
etiennehuret,CEO of Natixis in Portugal,Natixis · Full-time,Jul 2020 - Present · 2 yrs 8 mos,"Porto, Portugal"
etiennehuret,Board Member,Porto Business School · Part-time,Apr 2021 - Present · 1 yr 11 mos,"Porto, Portugal"
etiennehuret,Conseiller du Commerce Extérieur de la France (Foreign Trade Advisor of France in Portugal),CCEF-Portugal · Part-time,Apr 2021 - Present · 1 yr 11 mos,Portugal
etiennehuret,Head of Central Divisions at our in-house centers in India and Romania,Société Générale,Full-time,Jul 2018 - Jun 2020 · 2 yrs
etiennehuret,"Head of M.I.T.S. (Make IT Simple), Bangalore, Chennai, Bucharest",Société Générale,Aug 2015 - Sep 2018 · 3 yrs 2 mos,"Bengaluru Area, India"
etiennehuret,Global Head of Finance IT for the Investment Banking,Société Générale,Sep 2012 - Aug 2015 · 3 yrs,"Paris Area, France"
etiennehuret,Senior Manager,Accenture,Apr 2003 - Aug 2008 · 5 yrs 5 mos,"Paris Area, France"
maumarques,Head of HR,Natixis in Portugal · Full-time,Dec 2019 - Present · 3 yrs 3 mos,"Porto, Porto, Portugal"
maumarques,HR Director,Bosch Portugal,Sep 2013 - Dec 2019 · 6 yrs 4 mos,"Braga e Região, Portugal"
maumarques,International HR Manager,Robert Bosch (Thermotechnology),Sep 2011 - Aug 2013 · 2 yrs,NA
maumarques,International HR Project Manager - Project Competence Management,Robert Bosch (Thermotechnology),Jan 2010 - Sep 2011 · 1 yr 9 mos,NA
maumarques,HR Development Group Leader,Bosch Portugal,2006 - Jan 2010 · 4 yrs 1 mo,"Aveiro, Portugal"
maumarques,HR Senior Manager,Bosch Portugal,2004 - 2006 · 2 yrs,"Ovar, Portugal"
maumarques,HR Technician - Shopfloor,Bosch Portugal,2001 - 2004 · 3 yrs,"Aveiro, Portugal"
maumarques,Trainee,"Quatro RH, dEm, Denci Portugal",Aug 1999 - Apr 2001 · 1 yr 9 mos,NA
sofiacosta171,IT Talent Acquisition,Natixis in Portugal,Mar 2019 - Present · 4 yrs,"Porto e Região, Portugal"
sofiacosta171,Junior HR Consultant,EGOR,Jan 2018 - Feb 2019 · 1 yr 2 mos,"Porto e Região, Portugal"
sofiacosta171,Summer Trainee,EGOR,Jul 2017 - Sep 2017 · 3 mos,Porto
sofiacosta171,Cashier Customer Service,Decathlon Portugal,Nov 2016 - Jun 2017 · 8 mos,Gaia
sofiacosta171,Curricular Trainee,Gabinete de Saídas Profissionais UC,Oct 2015 - Jun 2016 · 9 mos,"Coimbra e Região, Portugal"
atnloureiro,Tech Talent Acquisition,Natixis in Portugal,Full-time,Oct 2022 - Present · 5 mos
atnloureiro,Employer Branding Intern,Natixis in Portugal,Internship,Oct 2021 - Oct 2022 · 1 yr 1 mo
atnloureiro,HR Intern,SWORD Health · Internship,Feb 2021 - May 2021 · 4 mos,"Porto, Portugal"
atnloureiro,Production Assistant,Findster Technologies · Contract,Aug 2019 - Sep 2019 · 2 mos,NA
atnloureiro,Sales Associate,Stradivarius · Part-time,Oct 2017 - Oct 2018 · 1 yr 1 mo,"Porto e Região, Portugal"
rafaelferreira92,Tech Talent Acquisition,Natixis in Portugal · Full-time,Dec 2021 - Present · 1 yr 3 mos,"Porto, Portugal"
rafaelferreira92,IT Talent Recruiter,Aubay Portugal · Full-time,Feb 2021 - Dec 2021 · 11 mos,"Porto, Porto, Portugal"
rafaelferreira92,IT Talent Acquisition & Business Partner,Engage Consulting · Full-time,Sep 2020 - Feb 2021 · 6 mos,"Lisbon, Lisbon, Portugal"
rafaelferreira92,Licensed Psychologist,Cruz Vermelha Portuguesa - Delegação de Braga · Full-time,Jan 2019 - Aug 2020 · 1 yr 8 mos,"Braga, Portugal"
rafaelferreira92,Licensed Psychologist,APPACDM  · Full-time,Nov 2017 - Dec 2018 · 1 yr 2 mos,"Coimbra e Região, Portugal"
cec%C3%ADlia-teixeira-abba4648,Head of HR Hub,Natixis in Portugal · Full-time,Apr 2020 - Present · 2 yrs 11 mos,"Porto, Portugal"
cec%C3%ADlia-teixeira-abba4648,HR Business Partner,Generix Group,Jan 2019 - Apr 2020 · 1 yr 4 mos,"Porto e Região, Portugal"
cec%C3%ADlia-teixeira-abba4648,Head of People Operations,Smart Consulting - Delivering IT,Feb 2017 - Jan 2019 · 2 yrs,"Porto e Região, Portugal"
cec%C3%ADlia-teixeira-abba4648,IT Recruiter & Business Manager,BOLD International,Jan 2016 - Feb 2017 · 1 yr 2 mos,"Porto e Região, Portugal"
cec%C3%ADlia-teixeira-abba4648,HR Partner,Altran,Jan 2014 - Jan 2016 · 2 yrs 1 mo,"Castelo Branco e Região, Portugal"
susanapsousa,BI developer,Natixis in Portugal,May 2020 - Present · 2 yrs 10 mos,Porto e Região
susanapsousa,Business Intelligence Analyst,Altran,2018 - May 2020 · 2 yrs 5 mos,"Porto e Região, Portugal"
susanapsousa,Master Thesis Student,Fraunhofer Portugal,2018 - Jul 2018 · 7 mos,Porto
susanapsousa,Vice-president,Núcleo de Estudantes de Bioengenharia - FEUP/ICBAS,Jul 2017 - Jul 2018 · 1 yr 1 mo,"Porto, Portugal"
susanapsousa,Member of the Fiscal Council,Núcleo de Estudantes de Bioengenharia - FEUP/ICBAS,Jun 2016 - Jul 2017 · 1 yr 2 mos,"Porto Area, Portugal"
susanapsousa,QA Tester,SWORD Health,Mar 2017 - Aug 2017 · 6 mos,"Porto Area, Portugal"
mffmendes,Tech lead,Natixis in Portugal,Dec 2021 - Present · 1 yr 3 mos,NA
mffmendes,Application Support Engineer,Natixis in Portugal,Oct 2020 - Dec 2021 · 1 yr 3 mos,NA
mffmendes,Information Technology Consultant,Aubay Portugal · Full-time,Oct 2020 - Dec 2021 · 1 yr 3 mos,"Porto, Portugal"
mffmendes,Service Operations Analyst,Euronext · Full-time,Jun 2020 - Oct 2020 · 5 mos,"Porto, Portugal"
mffmendes,Service Operations Analyst,Affinity Portugal · Full-time,Jun 2020 - Sep 2020 · 4 mos,"Porto, Portugal"
mffmendes,GSM TEC Engineer,Nokia,Aug 2014 - Mar 2020 · 5 yrs 8 mos,"Lisbon, Portugal"
mffmendes,GSM TEC Engineer,Nokia,Dec 2010 - Aug 2014 · 3 yrs 9 mos,Cascais
lauramfernandes,COO - Chief Operating Officer for IT,Natixis in Portugal · Full-time,Feb 2022 - Present · 1 yr 1 mo,"Porto, Portugal"
lauramfernandes,Senior Consultant - Technology and Finance,Microsoft · Full-time,Nov 2020 - Jan 2022 · 1 yr 3 mos,"EMEA -Europe, Middle East and Africa"
lauramfernandes,Strategic Consultant - Start-Up to Scale-Up - International Expansion Project,Lovys · Full-time,Jul 2020 - Oct 2020 · 4 mos,"Lisbon, Portugal"
lauramfernandes,"Senior Consultant - Business, Finance & Project Manager (Dynamics 365F&O/Dynamics AX)",Arquiconsult,Full-time,Jul 2016 - Oct 2019 · 3 yrs 4 mos
lauramfernandes,IT Functional Expert - D365F&O/Dynamics AX,Arquiconsult,Full-time,Jul 2016 - Oct 2019 · 3 yrs 4 mos
lauramfernandes,Functional Consultant in Dynamics AX/365,Arquiconsult,Mar 2014 - Jul 2016 · 2 yrs 5 mos,"Porto Area, Portugal"
lauramfernandes,WebSummit Investor's team,WebSummit 2016 and 2017,Nov 2016 · 1 mo,"Lisboa e Região, Portugal"
susanairiapereira,HR Business Partner,Natixis in Portugal,May 2021 - Present · 1 yr 10 mos,"Porto, Portugal"
susanairiapereira,HR Support & Data Quality Analyst,Natixis in Portugal,Full-time,May 2020 - Present · 2 yrs 10 mos
susanairiapereira,HR Manager,Covet Group · Full-time,Oct 2019 - May 2020 · 8 mos,"Porto e Região, Portugal"
susanairiapereira,HR Operational Manager,SONAE ARAUCO · Full-time,Aug 2017 - Sep 2019 · 2 yrs 2 mos,Maia
susanairiapereira,Human Resources Specialist,Inogi Asset Management S.A.,Nov 2008 - Feb 2017 · 8 yrs 4 mos,Porto
susanairiapereira,Management Assistant,Chamartin SGPS SA,Aug 2007 - Oct 2008 · 1 yr 3 mos,"Porto Area, Portugal"
susanairiapereira,Lawyer,Chamartin SGPS SA,Mar 2007 - Jul 2007 · 5 mos,"Porto Area, Portugal"
beatriz-quinta,HR Data Analyst,Natixis in Portugal,Full-time,Sep 2022 - Present · 6 mos
beatriz-quinta,Human Resources Internship,Natixis in Portugal,Sep 2021 - Sep 2022 · 1 yr 1 mo,NA
beatriz-quinta,Human Resources Summer Internship,Natixis in Portugal,Jul 2021 - Aug 2021 · 2 mos,NA
rui-ara%C3%BAjo-83683310,Head of IT Infrastructure,Natixis in Portugal,Full-time,Sep 2020 - Present · 2 yrs 6 mos
rui-ara%C3%BAjo-83683310,IT Team Manager,Natixis in Portugal,Aug 2018 - Sep 2020 · 2 yrs 2 mos,"Porto Area, Portugal"
rui-ara%C3%BAjo-83683310,TechOps/DevOps Team Lead,Jumia Porto Tech Center,Jul 2017 - Aug 2018 · 1 yr 2 mos,NA
rui-ara%C3%BAjo-83683310,Senior Systems Administrator,Porto Editora,Sep 2008 - Jul 2017 · 8 yrs 11 mos,"Porto Area, Portugal"
rui-ara%C3%BAjo-83683310,Systems Administrator,Portuguese Navy,Jun 2004 - Sep 2008 · 4 yrs 4 mos,"Lisbon Area, Portugal"
maria-leonor-costa,Employer Branding,Natixis in Portugal,Jul 2022 - Present · 8 mos,"Porto, Portugal"
maria-leonor-costa,Junior Human Resources Analyst,Natixis in Portugal,Jul 2021 - Jun 2022 · 1 yr,"Porto, Portugal"
maria-leonor-costa,Research Initiation Internship,GIIAA - Foster Care and Adoption Research and Intervention Group · Internship,Mar 2021 - Dec 2021 · 10 mos,"Porto, Portugal"
maria-leonor-costa,Research Initiation Internship,GIIAA - Foster Care and Adoption Research and Intervention Group · Internship,Sep 2018 - Jun 2019 · 10 mos,"Porto, Portugal"
maria-leonor-costa,Intern,IKEA Group · Internship,Sep 2014 - Jan 2015 · 5 mos,"Ottawa, Ontário, Canadá"
silvana-fraga-52b865120,Junior Software Developer,Natixis in Portugal,Full-time,Oct 2021 - Present · 1 yr 5 mos
silvana-fraga-52b865120,Junior Software Developer | Internship,Natixis in Portugal,Internship,Oct 2020 - Sep 2021 · 1 yr
silvana-fraga-52b865120,Curricular Internship,Natixis in Portugal · Internship,Feb 2020 - Jul 2020 · 6 mos,"Porto e Região, Portugal"
lucimagr,HR Projects Specialist,Natixis in Portugal,Jul 2022 - Present · 8 mos,"Porto, Portugal"
lucimagr,HR People Operations,Natixis in Portugal,Mar 2022 - Jul 2022 · 5 mos,"Porto, Portugal"
lucimagr,HR Admin,Natixis in Portugal,Jul 2020 - Mar 2022 · 1 yr 9 mos,"Porto, Portugal"
lucimagr,Human Resources Curricular Intern,Bright Concept - It's In You,Sep 2017 - Dec 2017 · 4 mos,"Lisboa e Região, Portugal"
lucimagr,Human Resources Summer Intern,Câmara Municipal de Amarante,Jul 2017 - Aug 2017 · 2 mos,Amarante
lucimagr,Human Resources Member,Happy Wish - Junior Initiative,Mar 2016 - Sep 2016 · 7 mos,"Covilhã, Castelo Branco, Portugal"
lucimagr,Human Resources Member,Brid.je,Feb 2016 - Aug 2016 · 7 mos,"Covilhã, Castelo Branco, Portugal"
marianaribeiro15,Communication Officer | Internal Communication & Culture,Natixis in Portugal,Full-time,Jan 2022 - Present · 1 yr 2 mos
marianaribeiro15,Junior Communication and Marketing Executive,Natixis in Portugal,Internship,Sep 2020 - Jan 2022 · 1 yr 5 mos
marianaribeiro15,Communication and Marketing Curricular Intern,Natixis in Portugal · Internship,Mar 2020 - Jul 2020 · 5 mos,NA
marianaribeiro15,Membro do Departamento de Comunicação,Beta - Núcleo de Estudantes de Ciências da Comunicação da Universidade do Porto,Sep 2019 - Mar 2020 · 7 mos,NA
marianaribeiro15,Vogal do Departamento de Comunicação e Assessoria,AEFLUP,Nov 2018 - Oct 2019 · 1 yr,NA
ruipcs,Salesforce Developer,Natixis in Portugal,Full-time,Oct 2020 - Present · 2 yrs 5 mos
ruipcs,Junior Salesforce Developer,Natixis in Portugal,Internship,Oct 2019 - Sep 2020 · 1 yr
ireneccanelas,Software Developer,Natixis in Portugal,Full-time,Dec 2022 - Present · 3 mos
ireneccanelas,Software Development Intern,Natixis in Portugal,Internship,Dec 2021 - Nov 2022 · 1 yr
ireneccanelas,Machine Learning Intern,Feralbyte - Software Architects · Internship,Feb 2021 - Jun 2021 · 5 mos,"Maia, Porto, Portugal"
carlosmanta,Procurement Leader,Natixis in Portugal · Full-time,Apr 2021 - Present · 1 yr 11 mos,"Porto, Porto, Portugal"
carlosmanta,Comprador Sénior,BIAL · Full-time,Jun 2014 - Mar 2021 · 6 yrs 10 mos,"Porto Area, Portugal"
carlosmanta,Gestor SPAS Compras,Auto Sueco,Jul 2011 - May 2014 · 2 yrs 11 mos,NA
carlosmanta,SPAS Compras,Auto Sueco,Mar 2005 - Jun 2011 · 6 yrs 4 mos,NA
mauricio-guedes-a467812a,Senior Java Developer,Natixis in Portugal,Oct 2019 - Present · 3 yrs 5 mos,NA
mauricio-guedes-a467812a,Senior Java Consultant,Altran,Oct 2018 - Sep 2019 · 1 yr,"Porto, Porto, Portugal"
mauricio-guedes-a467812a,Analista desenvolvedor de sistemas Java,Stefanini Capital Market,Jan 2018 - Aug 2018 · 8 mos,"Rio de Janeiro, Rio de Janeiro"
mauricio-guedes-a467812a,Analista desenvolvedor java,Tema Sistemas,Dec 2009 - Jan 2018 · 8 yrs 2 mos,"Rio de Janeiro e Região, Brasil"
mauricio-guedes-a467812a,Desenvolvedor,Calandra Soluções,2006 - 2009 · 3 yrs,NA
st%C3%A9phane-coelho-64b6a8100,Team manager,Natixis in Portugal,Mar 2017 - Present · 6 yrs,"Région de Porto, Portugal"
st%C3%A9phane-coelho-64b6a8100,Independent Consultant,Independant,Jun 2014 - Apr 2016 · 1 yr 11 mos,NA
st%C3%A9phane-coelho-64b6a8100,Tech lead,Capgemini,Sep 2011 - Jun 2014 · 2 yrs 10 mos,"Paris e Região, França"
st%C3%A9phane-coelho-64b6a8100,Web Developer,Easyvoyage,Feb 2009 - Jul 2011 · 2 yrs 6 mos,"Paris e Região, França"
st%C3%A9phane-coelho-64b6a8100,Web Developer,Développeur Web,Aug 2008 - Feb 2009 · 7 mos,Paris
ant%C3%B3niofaria,Head of Business Development,Natixis in Portugal,Jun 2019 - Present · 3 yrs 9 mos,"Porto, Portugal"
ant%C3%B3niofaria,Head of Business Support & Development,BNP Paribas Wealth Management · Full-time,Dec 2017 - Jun 2019 · 1 yr 7 mos,"Lisboa e Região, Portugal"
ant%C3%B3niofaria,Business Analyst Team Leader ( Corporate Actions module),BNP Paribas Securities Services,Oct 2015 - Jun 2019 · 3 yrs 9 mos,NA
ant%C3%B3niofaria,Technical Business Analyst at BNP Paribas Securities Services,BNP Paribas Securities Services,Jun 2014 - Oct 2015 · 1 yr 5 mos,NA
ant%C3%B3niofaria,Team Leader Market Claims & Internal Control Tax & Income,BNP Paribas · Full-time,Jan 2010 - Jun 2014 · 4 yrs 6 mos,"Lisbon, Portugal"
tmpereira,Head of Business Management & Transformation,Natixis in Portugal,Apr 2020 - Present · 2 yrs 11 mos,"Porto, Portugal"
tmpereira,Head of EMEA KYC Coordination & Governance,BNP Paribas CIB,Jan 2020 - Mar 2020 · 3 mos,"Lisbon Area, Portugal"
tmpereira,EMEA Business Project Manager - KYC,BNP Paribas CIB,Jul 2018 - Jan 2020 · 1 yr 7 mos,"Lisbon Area, Portugal"
tmpereira,Project Manager - Business Development,INIU - Your True Nature,Sep 2017 - Jul 2018 · 11 mos,"Lisbon Area, Portugal"
tmpereira,Project Manager - Supply Chain,Philip Morris International,Sep 2015 - Mar 2017 · 1 yr 7 mos,"Lisbon Area, Portugal"
louis-touzet-8970067,Head Of Architecture & Innovation in Portugal - Business unit manager,Natixis in Portugal,Jan 2021 - Present · 2 yrs 2 mos,NA
louis-touzet-8970067,IT Team manager,Natixis in Portugal,Jan 2018 - Dec 2020 · 3 yrs,NA
louis-touzet-8970067,IT team manager and architect,Natixis in Portugal,Jul 2017 - Dec 2017 · 6 mos,NA
louis-touzet-8970067,Lead Technical Architect,Natixis · Full-time,Nov 2015 - Jun 2017 · 1 yr 8 mos,"Paris, Île-de-France, France"
louis-touzet-8970067,Technical Lead and architect JAVA / Front for Natixis Insurance,Econocom,Full-time,Jan 2013 - Oct 2015 · 2 yrs 10 mos
louis-touzet-8970067,Senior JAVA developer at Natixis insurance,Econocom,Oct 2011 - Jan 2013 · 1 yr 4 mos,NA
louis-touzet-8970067,IT Software Engineer,BT IC (part of BT Global Services France),Feb 2008 - Jul 2012 · 4 yrs 6 mos,NA
louis-touzet-8970067,IT Software Engineer at Ecotour.com,ecotour.com,Apr 2007 - Sep 2007 · 6 mos,NA
electricalpedroreis,Team Lead,Natixis in Portugal,Mar 2019 - Present · 4 yrs,"Porto Area, Portugal"
electricalpedroreis,Senior Consultant (Team Leader),Gfi Portugal,Mar 2017 - Mar 2019 · 2 yrs 1 mo,"Porto Area, Portugal"
electricalpedroreis,Entrepreneur,none,Mar 2016 - Mar 2017 · 1 yr 1 mo,NA
electricalpedroreis,Software/Electronics Engineer,GLOOKAST,Oct 2015 - Mar 2016 · 6 mos,Leça do Balio
electricalpedroreis,Software and Electronics Engineer,MOG Technologies,Nov 2011 - Sep 2015 · 3 yrs 11 mos,Maia
joanacostalima,Communication Officer,Natixis in Portugal · Full-time,Sep 2018 - Present · 4 yrs 6 mos,"Porto, Portugal · Hybrid"
joanacostalima,Journalism Intern,Público · Internship,May 2018 - Jul 2018 · 3 mos,Porto · On-site
joanacostalima,Journalism Intern,JornalismoPortoNet · Internship,Feb 2018 - Apr 2018 · 3 mos,Porto · On-site
filipa-barros-a6348912a,Junior Software Engineer,Natixis in Portugal · Full-time,Oct 2020 - Present · 2 yrs 5 mos,NA
filipa-barros-a6348912a,Engineer Intern,Natixis in Portugal · Internship,Feb 2020 - Jul 2020 · 6 mos,NA
crachel,Head of Banking Support Activities,Natixis in Portugal · Full-time,Apr 2020 - Present · 2 yrs 11 mos,"Porto, Portugal"
crachel,Operations Service Delivery Lead Paris,Accenture · Full-time,Jul 2018 - Apr 2020 · 1 yr 10 mos,"Paris Area, France"
crachel,Operations Service Delivery Lead India,Accenture in India · Full-time,Aug 2015 - Jul 2018 · 3 yrs,"Bangalore, India"
crachel,Global Head of Equity Settlement Operations,Accenture · Full-time,Oct 2013 - Jul 2016 · 2 yrs 10 mos,"Paris Area, France"
crachel,Head of OTC Equity Derivatives Settlement & Commodities Back Office,Societe Generale Corporate and Investment Banking - SGCIB,May 2011 - Oct 2013 · 2 yrs 6 mos,"Paris Area, France"
crachel,Project Manager Transformation Lean Management,Societe Generale Corporate and Investment Banking - SGCIB,Full-time,Jun 2010 - May 2011 · 1 yr
crachel,"Senior Back Office Manager – Director (Societe Generale Americas, NY)",Societe Generale Corporate and Investment Banking - SGCIB,Full-time,Jan 2006 - Jun 2010 · 4 yrs 6 mos
alexandresalustio,Software Developer,Natixis in Portugal,Mar 2022 - Present · 1 yr,"Porto, Portugal"
alexandresalustio,Junior Developer,Natixis in Portugal,Mar 2020 - Mar 2022 · 2 yrs 1 mo,"Porto, Porto, Portugal"
gisele-araujo-de-freitas-pereira-2829949b,Java Developer,Natixis in Portugal · Contract,Mar 2019 - Present · 4 yrs,"Porto, Portugal"
gisele-araujo-de-freitas-pereira-2829949b,Java Software Developer,Altran,Feb 2019 - Dec 2020 · 1 yr 11 mos,"Porto Area, Portugal"
gisele-araujo-de-freitas-pereira-2829949b,Integration Developer,B2W Digital,Feb 2018 - Sep 2018 · 8 mos,NA
gisele-araujo-de-freitas-pereira-2829949b,Integration Developer,The Marlo Group,Feb 2015 - Jan 2018 · 3 yrs,"Rio de Janeiro Area, Brazil"
gisele-araujo-de-freitas-pereira-2829949b,Ruby on Rails Developer,Superintendência de Tecnologia da Informação - Universidade Federal Fluminense,Jul 2012 - Jun 2013 · 1 yr,NA
mariane-valencio-865b6297,"Team Leader - Client Management, KYC",Natixis in Portugal,Jul 2022 - Present · 8 mos,NA
mariane-valencio-865b6297,"Senior Analyst - Client Management, KYC",Natixis in Portugal,Apr 2022 - Jun 2022 · 3 mos,NA
mariane-valencio-865b6297,"Senior Analyst - Market Surveillance, Compliance",Natixis in Portugal,May 2020 - Apr 2022 · 2 yrs,NA
mariane-valencio-865b6297,Compliance Review Control Specialist - Risk & Control,BNP Paribas,Nov 2019 - Apr 2020 · 6 mos,"Lisboa e Região, Portugal"
mariane-valencio-865b6297,Regulatory Global MIFID Coordinator - Client Management Regulations/KYC,BNP Paribas,Jul 2018 - Oct 2019 · 1 yr 4 mos,"Lisbon Area, Portugal"
mariane-valencio-865b6297,Regulatory Analyst - Client Management Regulations/KYC,BNP Paribas,May 2017 - Jun 2018 · 1 yr 2 mos,"Lisbon Area, Portugal"
mariane-valencio-865b6297,"Auditor, Intern",Ministério do Trabalho e Emprego,Jun 2010 - Jul 2014 · 4 yrs 2 mos,Santos
catarinalemoscastro,Team Leader | Natixis Portugal,Natixis in Portugal · Full-time,Sep 2021 - Present · 1 yr 6 mos,"Porto, Porto, Portugal"
catarinalemoscastro,Team Leader,Groupe PSA,Sep 2018 - Oct 2021 · 3 yrs 2 mos,Porto
catarinalemoscastro,Controlador financeiro,Groupe PSA,Oct 2015 - Oct 2021 · 6 yrs 1 mo,Maia
catarinalemoscastro,Human Resources Director,EXUP - Experience Upgrade Program,Sep 2014 - Oct 2021 · 7 yrs 2 mos,Porto
catarinalemoscastro,Management Support,InovRetail,Nov 2014 - Feb 2015 · 4 mos,"Porto, Portugal"
rui-veloso-b53a0a6a,Chief Financial Officer,Natixis in Portugal,May 2017 - Present · 5 yrs 10 mos,Portugal
rui-veloso-b53a0a6a,Director Financeiro e RH,Groupe PRÉVOIR,Jan 2002 - May 2017 · 15 yrs 5 mos,NA
rui-veloso-b53a0a6a,Escriturário Contabilidade,Groupe PRÉVOIR,Jun 1999 - Dec 2001 · 2 yrs 7 mos,NA
alexandre-tiountchik,Senior Java Developer,Natixis in Portugal · Full-time,Jun 2022 - Present · 9 mos,"Porto, Portugal"
alexandre-tiountchik,Senior Java Developer,Toptal · Full-time,Oct 2021 - Aug 2022 · 11 mos,NA
alexandre-tiountchik,Java Developer,Digital Next · Full-time,Nov 2020 - Oct 2021 · 1 yr,"Porto, Portugal"
alexandre-tiountchik,Java Developer,Mindera · Full-time,Feb 2020 - Nov 2020 · 10 mos,"Porto, Portugal"
alexandre-tiountchik,Junior Java Developer | Market Risks,Natixis in Portugal · Full-time,Jan 2018 - Dec 2019 · 2 yrs,"Porto e Região, Portugal"
pcirne,Unix/Linux Team Manager,Natixis in Portugal,Full-time,Nov 2018 - Present · 4 yrs 4 mos
pcirne,Senior Linux Engineer,Natixis in Portugal,Mar 2018 - Nov 2018 · 9 mos,NA
pcirne,Senior System Administrator,"Amkor Technology, Inc.",Oct 2017 - Feb 2018 · 5 mos,Vila do Conde
pcirne,Senior System Administrator,Nanium S.A,Feb 2010 - Oct 2017 · 7 yrs 9 mos,NA
pcirne,Senior System Administrator,Qimonda AG,Dec 2003 - Feb 2010 · 6 yrs 3 mos,NA
pcirne,Senior Unix Administrator,Infineon AG,Dec 2003 - Apr 2006 · 2 yrs 5 mos,NA
pedro-belchior-2834bb69,Development Team Lead,Natixis in Portugal,Full-time,Apr 2022 - Present · 11 mos
pedro-belchior-2834bb69,Software Developer,Natixis in Portugal,Full-time,Jan 2020 - Present · 3 yrs 2 mos
pedro-belchior-2834bb69,Junior Software Developer,Natixis in Portugal,Full-time,Jan 2018 - Dec 2019 · 2 yrs
pedro-belchior-2834bb69,Professor,Ministério da Educação,2004 - 2017 · 13 yrs,NA
pedro-branco-567aa940,Financing Analyst,Natixis Corporate & Investment Banking · Full-time,Feb 2022 - Present · 1 yr 1 mo,"Porto, Portugal"
pedro-branco-567aa940,Team Leader - CIB and BDDF Processing International,BNP Paribas CIB · Full-time,Jul 2020 - Feb 2022 · 1 yr 8 mos,"Lisboa, Portugal"
pedro-branco-567aa940,Coordinator - International Payments CIB,BNP Paribas,Jul 2018 - Jul 2020 · 2 yrs 1 mo,NA
pedro-branco-567aa940,Cash Payment Officer,BNP Paribas,Jan 2017 - Jun 2018 · 1 yr 6 mos,NA
pedro-branco-567aa940,Supply Chain,Graphicsleader Packaging SA,Apr 2015 - Apr 2016 · 1 yr 1 mo,"Porto e Região, Portugal"
pedro-branco-567aa940,Sales Manager,Enjoy,2014 - Mar 2015 · 1 yr 3 mos,"Porto e Região, Portugal"
joserolo,Salesforce Team Leader at Natixis in Portugal,Natixis in Portugal,Jan 2022 - Present · 1 yr 2 mos,"Porto, Portugal"
joserolo,Salesforce Tech Lead at Natixis in Portugal,Natixis in Portugal,Feb 2020 - May 2022 · 2 yrs 4 mos,"Porto, Portugal"
joserolo,Salesforce Developer Lead at Natixis in Portugal,Natixis in Portugal,Jun 2017 - Feb 2020 · 2 yrs 9 mos,Porto
joserolo,Salesforce Consultant,PrimeIT,Jul 2017 - Jul 2018 · 1 yr 1 mo,"Porto, Portugal"
joserolo,Analyst Consultant,Capgemini,Oct 2015 - Jun 2017 · 1 yr 9 mos,Évora
joserolo,Bolseiro de Investigação,Universidade de Évora,Jul 2014 - Dec 2014 · 6 mos,Évora
lages-duarte,Senior Developer,Natixis in Portugal · Full-time,Apr 2020 - Present · 2 yrs 11 mos,"Porto, Portugal"
lages-duarte,IT Consultant,PrimeIT · Full-time,Apr 2019 - Apr 2020 · 1 yr 1 mo,"Porto e Região, Portugal"
lages-duarte,Software Developer,CoVii - Arçelik SW Innovation Center,Sep 2016 - Mar 2019 · 2 yrs 7 mos,"Porto e Região, Portugal"
lages-duarte,Junior Software Developer,CoVii - Arçelik SW Innovation Center,Sep 2014 - Sep 2016 · 2 yrs 1 mo,NA
lages-duarte,Junior Software Developer Internship,CoVii - Arçelik SW Innovation Center,Sep 2013 - Sep 2014 · 1 yr 1 mo,"Porto e Região, Portugal"
alfredogarc%C3%AAs,Junior Software Developer,Natixis in Portugal,Oct 2021 - Present · 1 yr 5 mos,NA
alfredogarc%C3%AAs,Software Development Intern,Natixis in Portugal · Internship,Mar 2021 - Aug 2021 · 6 mos,"Porto, Portugal"
brunobarbosa,HR Business Partner IT Corporate Investment Banking & Asset Wealth Management,Natixis in Portugal,Jun 2019 - Present · 3 yrs 9 mos,"Porto Area, Portugal"
brunobarbosa,Associate Manager,Novabase,Oct 2018 - May 2019 · 8 mos,"Porto Area, Portugal"
brunobarbosa,Delivery Manager,Inetum,Feb 2017 - Oct 2018 · 1 yr 9 mos,"Porto Area, Portugal"
brunobarbosa,Team Leader - Information Technology,Randstad Portugal,Jul 2011 - Dec 2016 · 5 yrs 6 mos,"Porto Area, Portugal"
brunobarbosa,Consultant - Technologies,Msearch - Recrutamento & Seleção,Apr 2010 - Jul 2011 · 1 yr 4 mos,"Porto Area, Portugal"
licinia-barros-51350412,Team Manager CIB - IT Financing & Global Trade,Natixis in Portugal,Feb 2023 - Present · 1 mo,Hybrid
licinia-barros-51350412,Team Lead,Natixis in Portugal,Feb 2022 - Feb 2023 · 1 yr 1 mo,NA
licinia-barros-51350412,Scrum master,Natixis in Portugal,Oct 2021 - Feb 2023 · 1 yr 5 mos,NA
licinia-barros-51350412,Experienced Analyst,Bee Engineering ICT · Full-time,Mar 2021 - Jan 2022 · 11 mos,"Porto, Portugal"
licinia-barros-51350412,Senior Operations Project Manager,Acquarell Shoes · Full-time,Sep 2020 - Nov 2020 · 3 mos,W@Home
licinia-barros-51350412,Business Analyst,WireCo WorldGroup · Full-time,Nov 2019 - Apr 2020 · 6 mos,Maia
licinia-barros-51350412,International customer management and support,Landlord,Dec 2018 - Nov 2019 · 1 yr,Lordelo
joaompmachado,Software Developer,Natixis in Portugal · Full-time,Apr 2022 - Present · 11 mos,"Porto, Porto, Portugal"
joaompmachado,Software Developer (Outsourcing at Natixis in Portugal),Decskill · Full-time,Mar 2021 - Mar 2022 · 1 yr 1 mo,NA
joaompmachado,Software Developer and System Integrator,ITEC - Iberiana Technical,Aug 2016 - Mar 2021 · 4 yrs 8 mos,NA
joaompmachado,Software Developer and System Integrator (Professional Internship),ITEC - Iberiana Technical,Dec 2015 - Aug 2016 · 9 mos,NA
joaompmachado,Software Developer (Scholar Internship),ITEC - Iberiana Technical,Feb 2015 - Jun 2015 · 5 mos,"Braga Area, Portugal"
paulo-alexandre-buinhas-ferreira-440813ab,Senior Networking Engineer,Natixis in Portugal,May 2019 - Present · 3 yrs 10 mos,"Porto e Região, Portugal"
paulo-alexandre-buinhas-ferreira-440813ab,Costumer Support,Cegid Group,May 2011 - Apr 2019 · 8 yrs,NA
paulo-alexandre-buinhas-ferreira-440813ab,Consultor,Istimeless,Sep 2009 - May 2011 · 1 yr 9 mos,NA
paulo-alexandre-buinhas-ferreira-440813ab,Costumer Support,CODISYS,Sep 2006 - Sep 2009 · 3 yrs 1 mo,NA
lu%C3%ADs-filipe-coelho-9927022,Team Lead,Natixis in Portugal,Full-time,Apr 2021 - Present · 1 yr 11 mos
lu%C3%ADs-filipe-coelho-9927022,Senior Developer,Natixis in Portugal,Apr 2019 - Present · 3 yrs 11 mos,"Porto, Porto, Portugal"
lu%C3%ADs-filipe-coelho-9927022,Senior Developer,GFI - Natixis,Aug 2018 - Mar 2019 · 8 mos,"Porto Area, Portugal"
lu%C3%ADs-filipe-coelho-9927022,Senior Software Developer,SoftINSA - IBM · Full-time,2013 - Jul 2018 · 5 yrs 7 mos,Porto
lu%C3%ADs-filipe-coelho-9927022,Investigador Mobile Business Intelligence,BI4ALL - Centro de Investigação Mobile,Apr 2013 - Jul 2013 · 4 mos,"Porto Area, Portugal"
lu%C3%ADs-filipe-coelho-9927022,Consultor,Gestluz Consultores,Oct 2011 - Oct 2012 · 1 yr 1 mo,Matosinhos
miguel-carneiro-846693151,Senior Information Technology Engineer,Natixis in Portugal · Contract,Mar 2020 - Present · 3 yrs,"Porto Area, Portugal"
miguel-carneiro-846693151,Application Support Engineer,VTXRM - Software Factory,Dec 2017 - Feb 2020 · 2 yrs 3 mos,"Porto Area, Portugal"
miguel-carneiro-846693151,IT Support Technician,FAS - Sistemas de Informação,Apr 2011 - Jun 2017 · 6 yrs 3 mos,"Maia, Portugal"
miguel-carneiro-846693151,IT Support Technician,Noesis,Sep 2009 - Mar 2011 · 1 yr 7 mos,"Leça do balio, Portugal"
miguel-carneiro-846693151,IT Support Technician,CPCis,Mar 2007 - Aug 2009 · 2 yrs 6 mos,"Leça do Balio, Portugal"
jpauloalmeida,IT Team Manager,Natixis in Portugal,Sep 2022 - Present · 6 mos,Portugal
jpauloalmeida,Team Leader | Tech Lead,Natixis in Portugal,Dec 2019 - Sep 2022 · 2 yrs 10 mos,"Porto Area, Portugal"
jpauloalmeida,Senior Consultant,Milénio 3 / Actuasys · Full-time,Aug 1997 - Nov 2019 · 22 yrs 4 mos,"Porto Area, Portugal"
luisbrunosw,Software Engineer,Emergn · Full-time,Feb 2023 - Present · 1 mo,"Porto, Portugal · Remote"
luisbrunosw,Junior Software Engineer,Natixis in Portugal,Full-time,Nov 2021 - Feb 2023 · 1 yr 4 mos
luisbrunosw,Junior Software Engineer,Natixis in Portugal,Internship,Nov 2020 - Nov 2021 · 1 yr 1 mo
luisbrunosw,Junior Software Engineer,Natixis in Portugal · Internship,Feb 2020 - Jul 2020 · 6 mos,"Porto, Portugal"
martial-boudinet-93b15542,Team Leader - Natixis in Portugal,Natixis in Portugal,Full-time,Mar 2022 - Present · 1 yr
martial-boudinet-93b15542,Team Lead,Natixis in Portugal,Mar 2021 - Mar 2022 · 1 yr 1 mo,"Porto, Portugal"
martial-boudinet-93b15542,Lead Software Engineer,Natixis in Portugal,Mar 2018 - Mar 2021 · 3 yrs 1 mo,Porto
martial-boudinet-93b15542,Senior Software Engineering,M4U,Jan 2017 - Mar 2018 · 1 yr 3 mos,"Région de Rio de Janeiro, Brésil"
martial-boudinet-93b15542,Software Engineer,Match.com,Jan 2014 - Dec 2016 · 3 yrs,"Rio de Janeiro Area, Brazil"
martial-boudinet-93b15542,Software Architect,Add Technologies,Jul 2012 - Jan 2014 · 1 yr 7 mos,"Rio de Janeiro Area, Brazil"
martial-boudinet-93b15542,"Associate, CTO",Gambade Global,Jul 2011 - Jan 2012 · 7 mos,"Lille Area, France"
marco-alves-37463837,Facility Manager,Natixis in Portugal,Aug 2017 - Present · 5 yrs 7 mos,"Porto e Região, Portugal"
marco-alves-37463837,Project Manager,Veolia,Mar 2009 - Aug 2017 · 8 yrs 6 mos,NA
marco-alves-37463837,Gestor de Contratos - Facility Management,PLM,2007 - 2009 · 2 yrs,NA
marco-alves-37463837,Gestor de Contratos - Facility Management,EFACEC,2004 - 2007 · 3 yrs,NA
cruzmelanie,Senior Business Analyst,Natixis in Portugal,May 2022 - Present · 10 mos,NA
cruzmelanie,KYC Vetting Leader,Natixis in Portugal,Jul 2020 - Jun 2022 · 2 yrs,NA
cruzmelanie,Team Leader - Due Diligence,BNP Paribas CIB,Apr 2019 - Jul 2020 · 1 yr 4 mos,NA
cruzmelanie,Senior KYC Analyst- Financial Institutions/ Global Markets,BNP Paribas CIB,Jan 2017 - Apr 2019 · 2 yrs 4 mos,"Lisboa e Região, Portugal"
jeduardobasto,Employer Branding,Natixis in Portugal,Full-time,Mar 2020 - Present · 3 yrs
jeduardobasto,Partnerships and Universities,Natixis in Portugal,Mar 2018 - Mar 2020 · 2 yrs 1 mo,"Porto Area, Portugal"
jeduardobasto,Soft Skills Trainer,Board of European Students of Technology,Aug 2013 - Present · 9 yrs 7 mos,NA
jeduardobasto,Regional Advisor,Board of European Students of Technology,Jul 2013 - Jul 2014 · 1 yr 1 mo,NA
jeduardobasto,Soft Skills Trainer / Facilitator,getSkilled · Full-time,Dec 2014 - Feb 2018 · 3 yrs 3 mos,"Porto, Portugal"
jeduardobasto,Networking and Speaker team,TEDxUniversityofPorto · Freelance,Apr 2016 - Sep 2017 · 1 yr 6 mos,"Porto, Portugal"
jeduardobasto,Secretary,BEST Porto,Sep 2012 - Sep 2013 · 1 yr 1 mo,"Porto Area, Portugal"
sabine-borges,Human Resources Project Coordinator,Natixis in Portugal,Jan 2023 - Present · 2 mos,Hybrid
sabine-borges,Senior Talent Acquisition Specialist,Natixis in Portugal,May 2020 - Dec 2022 · 2 yrs 8 mos,NA
sabine-borges,Membro Efetivo,Ordem dos Psicólogos Portugueses,May 2015 - Present · 7 yrs 10 mos,NA
sabine-borges,Novelist,Chiado Editora,Dec 2011 - Present · 11 yrs 3 mos,NA
sabine-borges,Recruitment Team Leader,armatis-lc,Sep 2017 - May 2020 · 2 yrs 9 mos,Porto
sabine-borges,"HR, Recruiter",armatis-lc,2013 - Sep 2017 · 4 yrs 9 mos,porto
sabine-borges,Clinical Psychologist,Thera,Aug 2015 - Oct 2018 · 3 yrs 3 mos,"Région de Porto , Portugal"
filipe-mendes-29759514,Head of BPCE DSI Corporate,Natixis in Portugal,Aug 2020 - Present · 2 yrs 7 mos,"Porto, Portugal"
filipe-mendes-29759514,Head of IT Payments,Natixis in Portugal,Jan 2019 - Aug 2020 · 1 yr 8 mos,"Porto, Porto, Portugal"
filipe-mendes-29759514,IT Team Manager - Digital Transformation,BNP Paribas,Jun 2018 - Jan 2019 · 8 mos,"Lisbon, Lisbon, Portugal"
filipe-mendes-29759514,IT Team Leader - RPA Team,BNP Paribas,Full-time,Mar 2017 - May 2018 · 1 yr 3 mos
filipe-mendes-29759514,IT Team Leader  - Wolf Team,BNP Paribas,Full-time,Mar 2016 - May 2018 · 2 yrs 3 mos
filipe-mendes-29759514,Project Engineer DW/BI,Wipro Technologies,Mar 2008 - May 2010 · 2 yrs 3 mos,"Porto Area, Portugal"
ana-fernandes-66798a22,CCO/Head of Compliance,Natixis in Portugal · Full-time,Jan 2021 - Present · 2 yrs 2 mos,"Porto, Portugal"
ana-fernandes-66798a22,Manager,Financial Conduct Authority,Sep 2016 - Dec 2020 · 4 yrs 4 mos,NA
ana-fernandes-66798a22,Technical Specialist,Financial Conduct Authority,Oct 2007 - Aug 2016 · 8 yrs 11 mos,"London, UK"
cristianasribeiro,Junior BI Developer,Natixis in Portugal,Full-time,Dec 2022 - Present · 3 mos
cristianasribeiro,Power Platform Developer Intern,Natixis in Portugal,Internship,Dec 2021 - Dec 2022 · 1 yr 1 mo
c-pereira,Senior Application Support Engineer,Natixis in Portugal · Full-time,Jan 2018 - Present · 5 yrs 2 mos,"Porto Area, Portugal"
c-pereira,System Administrator,Santa Casa da Misericórdia de Vila do Conde,Oct 2015 - Jan 2018 · 2 yrs 4 mos,Vila do Conde
c-pereira,Network Administrator,NOS SGPS,Apr 2015 - May 2015 · 2 mos,Matosinhos
c-pereira,System Administrator,SemaIT,Mar 2013 - Jan 2015 · 1 yr 11 mos,"Porto e Região, Portugal"
rita-moreiraaa,Talent Acquisition,Natixis in Portugal · Full-time,Oct 2021 - Present · 1 yr 5 mos,"Porto, Portugal"
rita-moreiraaa,HR Consultant,Grupo Constant Portugal · Full-time,Nov 2020 - Aug 2021 · 10 mos,"Porto, Portugal"
rita-moreiraaa,Técnica de Recursos Humanos,Adecco · Internship,Sep 2019 - Apr 2020 · 8 mos,Viseu
rita-moreiraaa,Recrutadora,Amnistia Internacional Portugal,Feb 2019 - Apr 2019 · 3 mos,Porto
rita-moreiraaa,Estagiária,CRI - Equipa de Tramento de Coimbra,Feb 2017 - Jan 2018 · 1 yr,"Coimbra e Região, Portugal"
david-leal-083a3536,Software Development Manager,Natixis in Portugal,Full-time,Jan 2022 - Present · 1 yr 2 mos
david-leal-083a3536,Software Development Team Leader,Natixis in Portugal,Full-time,Jan 2020 - Present · 3 yrs 2 mos
david-leal-083a3536,Tech Lead,Natixis in Portugal,May 2019 - Jan 2020 · 9 mos,"Porto Area, Portugal"
david-leal-083a3536,IT Consultant,Smart Consulting - Delivering IT,May 2018 - Apr 2019 · 1 yr,"Porto Area, Portugal"
david-leal-083a3536,Software Engineer,Ordem dos Solicitadores e dos Agentes de execução,Aug 2011 - Apr 2018 · 6 yrs 9 mos,"Braga e Região, Portugal"
anaritasilva557,Facilities Officer,Natixis in Portugal,Full-time,Jan 2020 - Present · 3 yrs 2 mos
anaritasilva557,Junior Facilities,Natixis in Portugal,Sep 2018 - Jan 2020 · 1 yr 5 mos,"Porto e Região, Portugal"
anaritasilva557,Management Training,Centro Hospitalar de Trás-os-Montes e Alto Douro E.P.E,Sep 2016 - Jan 2017 · 5 mos,Vila Real
nuno-silva-0ab38a10,Team Leader,Natixis in Portugal,Full-time,Mar 2022 - Present · 1 yr
nuno-silva-0ab38a10,Team Lead,Natixis in Portugal,Full-time,May 2021 - Apr 2022 · 1 yr
nuno-silva-0ab38a10,Senior System Administrator,Natixis in Portugal,Jul 2018 - May 2021 · 2 yrs 11 mos,NA
nuno-silva-0ab38a10,Workplace Systems Engineer,Staples Solutions,Jun 2016 - Jun 2018 · 2 yrs 1 mo,"Lisbon Area, Portugal"
nuno-silva-0ab38a10,Systems Administrator,Staples,Oct 2007 - Jun 2018 · 10 yrs 9 mos,Alfragide
nuno-silva-0ab38a10,IT Technical Specialist,Staples,Jan 2007 - Oct 2007 · 10 mos,Santa Maria da Feira
nuno-silva-0ab38a10,Electronics and Telecommunications Technician,GlobalPhone,Jan 2003 - Feb 2007 · 4 yrs 2 mos,Ovar
nuno-silva-0ab38a10,Electronics and Telecommunications Technician,Telespinho,Jun 2005 - Jan 2007 · 1 yr 8 mos,Espinho
rita-macedo-684966b1,Financial Controller,Natixis in Portugal,Apr 2021 - Present · 1 yr 11 mos,"Porto, Portugal"
rita-macedo-684966b1,Consultant,VAT Systems,Jan 2020 - Apr 2021 · 1 yr 4 mos,NA
rita-macedo-684966b1,Junior Consultant,VAT Systems,Sep 2018 - Jan 2020 · 1 yr 5 mos,"Braga e Região, Portugal"
rita-macedo-684966b1,Audit Assistant,Mazars,Sep 2017 - Sep 2018 · 1 yr 1 mo,"Porto e Região, Portugal"
rita-macedo-684966b1,Auditoria,"KPF Consultores (Fatima Pereira & Carlos Duarte, SROC)",Jan 2017 - Jul 2017 · 7 mos,"Porto e Região, Portugal"
pgbastos,Data Analyst,Natixis in Portugal · Full-time,May 2021 - Present · 1 yr 10 mos,"Porto, Portugal"
pgbastos,Assistente,Banco Santander,Jun 1997 - Mar 2021 · 23 yrs 10 mos,NA
helder-faria,Product Owner,Natixis in Portugal,May 2020 - Present · 2 yrs 10 mos,NA
helder-faria,Software Engineer,ALTEN Portugal,Dec 2018 - May 2020 · 1 yr 6 mos,"Porto e Região, Portugal"
helder-faria,IT Senior Technician,OSIS - IBM Portugal,Jun 2013 - Nov 2018 · 5 yrs 6 mos,"Porto Area, Portugal"
helder-faria,IT Technician,Millennium bcp,Aug 2011 - May 2013 · 1 yr 10 mos,"Porto Area, Portugal"
helder-faria,Associate Professional,Novabase Consulting,Jan 2011 - Jul 2011 · 7 mos,NA
helder-faria,Trainee,Novabase Consulting,Nov 2009 - Dec 2010 · 1 yr 2 mos,NA
brunocretu,IT Business Analyst,Natixis in Portugal,Sep 2020 - Present · 2 yrs 6 mos,"Porto, Portugal"
brunocretu,Summit Functional Analyst,Natixis in Portugal,Jan 2019 - Sep 2020 · 1 yr 9 mos,"Porto Area, Portugal"
brunocretu,Technical Business Consultant,Altran · Full-time,Jan 2019 - Aug 2020 · 1 yr 8 mos,"Porto Area, Portugal"
brunocretu,Project Consultant,SPI - Sociedade Portuguesa de Inovação,Jan 2018 - Aug 2018 · 8 mos,"Beijing City, China"
brunocretu,Business Controller,SONAE,Dec 2015 - Apr 2017 · 1 yr 5 mos,"Porto e Região, Portugal"
brunocretu,Project Manager,EXUP - Experience Upgrade Program,Dec 2013 - Aug 2015 · 1 yr 9 mos,Porto School of Economics
julianafrosario,Financial Controller,Natixis in Portugal · Full-time,Apr 2021 - Present · 1 yr 11 mos,"Porto, Portugal"
julianafrosario,Finance & Junior Accountant,Altice Portugal | Natixis Portugal · Full-time,Oct 2019 - Apr 2021 · 1 yr 7 mos,"Porto e Região, Portugal"
julianafrosario,Market Research Analyst,Global Prestige S.A · Full-time,Sep 2018 - Oct 2019 · 1 yr 2 mos,NA
julianafrosario,Global Market Flow Trade Processor,BNP Paribas,Aug 2017 - Feb 2018 · 7 mos,"Lisboa e Região, Portugal"
julianafrosario,Financial Accountant Intern,"Council Global, Lda",Apr 2016 - May 2016 · 2 mos,NA
catarina-bans-126aa7151,Financing Analyst,Natixis in Portugal,Feb 2022 - Present · 1 yr 1 mo,NA
catarina-bans-126aa7151,Junior Financing Analyst,Natixis in Portugal,Apr 2020 - Feb 2022 · 1 yr 11 mos,NA
catarina-bans-126aa7151,Assessora de Serviços,Leroy Merlin,Jan 2018 - Mar 2020 · 2 yrs 3 mos,NA
catarina-bans-126aa7151,Operadora de caixa,Leroy Merlin,Oct 2017 - Jan 2018 · 4 mos,NA
eva-duarte-3769a710,Project Manager - BI and Data,Natixis in Portugal,Full-time,Sep 2022 - Present · 6 mos
eva-duarte-3769a710,Team Manager,Natixis in Portugal,Full-time,Mar 2021 - Sep 2022 · 1 yr 7 mos
eva-duarte-3769a710,Team Leader,Natixis in Portugal,Full-time,Jan 2020 - Mar 2021 · 1 yr 3 mos
eva-duarte-3769a710,Academic Tutor - Business Intelligence and Analytics,Porto Business School · Seasonal,Jun 2019 - Present · 3 yrs 9 mos,"Porto, Portugal"
eva-duarte-3769a710,Senior SAP BI Consultant,LEGO Group,Jun 2015 - Oct 2018 · 3 yrs 5 mos,"London, United Kingdom"
eva-duarte-3769a710,Senior SAP Business Objects Consultant,IBM United Kingdom Ltd,Sep 2013 - Jun 2015 · 1 yr 10 mos,"London, United Kingdom"
eva-duarte-3769a710,Business Intelligence Consultant,itelligence UK,Aug 2011 - Aug 2013 · 2 yrs 1 mo,"London, United Kingdom"
pedromatos97,Junior Developer,Natixis in Portugal,Full-time,Mar 2021 - Present · 2 yrs
pedromatos97,Junior QA Engineer,Natixis in Portugal,Full-time,Jul 2020 - Mar 2021 · 9 mos
pedromatos97,Estágio Curricular - Junior QA Engineer,Natixis in Portugal,Internship,Mar 2020 - Jul 2020 · 5 mos
pedromatos97,Colaborador,Haagen Dazs · Contract,Apr 2018 - Jul 2020 · 2 yrs 4 mos,Norteshopping
karim-djacem-38244230,KYC Manager,Natixis in Portugal · Full-time,Apr 2020 - Present · 2 yrs 11 mos,"Porto, Portugal"
karim-djacem-38244230,Knowledge Manager,Natixis,Apr 2018 - Apr 2020 · 2 yrs 1 mo,Algiers
karim-djacem-38244230,KYC Team leader,Natixis,Feb 2015 - Mar 2018 · 3 yrs 2 mos,NA
karim-djacem-38244230,KYC QC Analyst,Natixis,Oct 2013 - Jan 2015 · 1 yr 4 mos,Algiers
karim-djacem-38244230,Sales executive- Debt recovery advisor,BNP Paribas Personal Finance,Jun 2011 - Nov 2012 · 1 yr 6 mos,Algiers
karim-djacem-38244230,student manager,Philip Morris International,Oct 2009 - Sep 2010 · 1 yr,NA
leonardo-monteiro-97863b4,Team Leader | Senior Software Developer at Natixis in Portugal,Natixis in Portugal,Apr 2022 - Present · 11 mos,"Porto, Portugal"
leonardo-monteiro-97863b4,Team Lead | Senior Software Developer at Natixis in Portugal,Natixis in Portugal,Nov 2021 - Apr 2022 · 6 mos,"Porto, Portugal"
leonardo-monteiro-97863b4,Senior Software Developer,Natixis in Portugal,Jul 2019 - Nov 2021 · 2 yrs 5 mos,"Porto Area, Portugal"
leonardo-monteiro-97863b4,System Analyst / Software Developer,Rangel,Jan 2006 - Jul 2019 · 13 yrs 7 mos,NA
leonardo-monteiro-97863b4,System Analyst / Software Developer,DataLider,Jun 2005 - Dec 2005 · 7 mos,NA
leonardo-monteiro-97863b4,System Analyst / Software Developer,Universidade Fernando Pessoa,Aug 2002 - May 2005 · 2 yrs 10 mos,"Porto Area, Portugal"
leonardo-monteiro-97863b4,System Analyst / Software Developer,DouroConta Gabinete de Contabilidade,Sep 2001 - Jun 2002 · 10 mos,NA
mariacostalima-,Finance - Junior Data Sourcer,Natixis in Portugal,Sep 2022 - Present · 6 mos,NA
mariacostalima-,Middle Office Intern,Natixis in Portugal,Oct 2021 - Sep 2022 · 1 yr,NA
mariacostalima-,Team Leader,Spark Agency,Aug 2021 - Jul 2022 · 1 yr,NA
mariacostalima-,Ambassador,Spark Agency,Nov 2020 - Aug 2021 · 10 mos,NA
mariacostalima-,Member of the Partnerships Department,COMAP - Committee for International Students,Nov 2020 - Sep 2021 · 11 mos,NA
mariacostalima-,Accounting Intern,Scribis - Gabinete de Contabilidade e Gestão,Sep 2020 - Dec 2020 · 4 mos,"Porto, Portugal"
mariacostalima-,Hostess at Estádio do Dragão,"Patricia Paul Eventos, Lda",Dec 2019 - Apr 2020 · 5 mos,"Porto, Portugal"
apereira3,Team Lead,Natixis in Portugal,Full-time,Mar 2020 - Present · 3 yrs
apereira3,Project Lead,Natixis in Portugal,Apr 2018 - Feb 2020 · 1 yr 11 mos,"Porto Area, Portugal"
apereira3,Senior Consultant Engineer,Altran,Mar 2017 - Mar 2018 · 1 yr 1 mo,"Porto Area, Portugal"
apereira3,Senior Software Engineer,WIT Software,Feb 2014 - Feb 2017 · 3 yrs 1 mo,"Porto Area, Portugal"
apereira3,Post-Doctoral Research Grant Holder,"Faculty of Engineering, University of Porto",Dec 2013 - Feb 2014 · 3 mos,"Porto Area, Portugal"
apereira3,Invited Assistant Researcher,Norsk Polarinstitutt,Oct 2013 - Nov 2013 · 2 mos,"Tromsø Area, Norway"
miguel-%C3%A1vila-5751a594,Controller,Natixis in Portugal · Full-time,Aug 2020 - Present · 2 yrs 7 mos,"Porto, Portugal"
miguel-%C3%A1vila-5751a594,Financial Controller,ENDIPREV,Sep 2019 - Aug 2020 · 1 yr,"Porto, Porto, Portugal"
miguel-%C3%A1vila-5751a594,Reporting Analyst,Sonae Sierra,Jan 2019 - Sep 2019 · 9 mos,"Porto e Região, Portugal"
miguel-%C3%A1vila-5751a594,Treasury and Collections Reporting Technician,Sonae Sierra,Apr 2017 - Jan 2019 · 1 yr 10 mos,"Porto Area, Portugal"
miguel-%C3%A1vila-5751a594,Treasury Associate,Sonae Sierra,Jul 2015 - Apr 2017 · 1 yr 10 mos,"Porto Area, Portugal"
matheuscguedes00,Jr. Application Engineer,Natixis in Portugal · Full-time,May 2021 - Present · 1 yr 10 mos,"Porto, Portugal"
matheuscguedes00,Software Engineer,Aubay Portugal · Full-time,Sep 2020 - May 2021 · 9 mos,"Lisboa, Portugal"
matheuscguedes00,System Analyst,UBS,Full-time,Mar 2016 - Jan 2019 · 2 yrs 11 mos
matheuscguedes00,Support Analyst Intern.,UBS,Feb 2015 - Mar 2016 · 1 yr 2 mos,NA
matheuscguedes00,Mail Room Associate,Williams Lea,Jan 2013 - Feb 2015 · 2 yrs 2 mos,NA
matheuscguedes00,Printer Support,Xerox,Jul 2011 - Jan 2013 · 1 yr 7 mos,NA
nunoaguiarmachado,Founding Curator - Porto Hub,Global Shapers Porto,Apr 2022 - Present · 11 mos,"Porto, Portugal"
nunoaguiarmachado,Credit Risk Analyst,Natixis in Portugal,Apr 2022 - Present · 11 mos,NA
nunoaguiarmachado,Risk Analyst Trainee,Natixis in Portugal,Oct 2021 - Apr 2022 · 7 mos,NA
nunoaguiarmachado,Mentor,FEP Finance Club Alumni Committee,Sep 2020 - Oct 2021 · 1 yr 2 mos,Porto Portugal
nunoaguiarmachado,Financial Markets Member -Portfolio Management,FEP Finance Club,Oct 2017 - Nov 2019 · 2 yrs 2 mos,NA
nunoaguiarmachado,Member of External  Relations,FEP Finance Club,Oct 2017 - Oct 2019 · 2 yrs 1 mo,NA
nunoaguiarmachado,Summer Internship,Millennium BCP,Jul 2018 - Aug 2018 · 2 mos,Leça da Palmeira
anabelaferreira,Agile Coach,Natixis in Portugal,Full-time,Oct 2020 - Present · 2 yrs 5 mos
anabelaferreira,WINN Portugal Team Leader,Natixis in Portugal,Mar 2019 - Present · 4 yrs,"Porto e Região, Portugal"
anabelaferreira,Senior Functional Support Sophis - CIB,Natixis in Portugal,Full-time,Sep 2018 - Sep 2020 · 2 yrs 1 mo
anabelaferreira,Mentor,Portuguese Women in Tech,2020 - Present · 3 yrs 2 mos,NA
anabelaferreira,Senior Applications Support Specialist,BNP Paribas Finance Services · Full-time,Apr 2016 - Jun 2017 · 1 yr 3 mos,"Lisbon Area, Portugal"
anabelaferreira,Data Analyst,Independent Consultant,Jun 2014 - Dec 2015 · 1 yr 7 mos,"Porto Area, Portugal"
anabelaferreira,Data Analyst for Loyalty Systems,BNP Paribas - Cetelem,Jan 2010 - May 2014 · 4 yrs 5 mos,"Porto Area, Portugal"
raquelpina,Team Leader,Natixis in Portugal,Nov 2021 - Present · 1 yr 4 mos,NA
raquelpina,Tech Lead,Natixis in Portugal,Mar 2021 - Nov 2021 · 9 mos,NA
raquelpina,Software Developer,Natixis,Apr 2018 - Mar 2021 · 3 yrs,"Porto Area, Portugal"
raquelpina,Senior Consultant,Altran,Aug 2017 - Mar 2018 · 8 mos,"Porto Area, Portugal"
raquelpina,Consultora de Desenvolvimento Aplicacional,NOESIS Portugal,Sep 2013 - Aug 2017 · 4 yrs,"Porto Area, Portugal"
raquelpina,C++ Software Developer,Finantech,Feb 2005 - Sep 2013 · 8 yrs 8 mos,NA
pedro-monteiro-03822714,IT Team Leader,Natixis in Portugal,Mar 2021 - Present · 2 yrs,NA
pedro-monteiro-03822714,IT Team Lead,Natixis in Portugal,Feb 2019 - Feb 2021 · 2 yrs 1 mo,"Porto, Porto, Portugal"
pedro-monteiro-03822714,Senior Application Support Engineer / DevOps Engineer,Natixis in Portugal,Apr 2017 - Jan 2019 · 1 yr 10 mos,"Porto Area, Portugal"
pedro-monteiro-03822714,Senior Systems Administrator / DevOps Engineer,Porto Editora,Aug 2015 - Mar 2017 · 1 yr 8 mos,"Porto Area, Portugal"
pedro-monteiro-03822714,IT Manager / Systems and Network Administrator,Gondensino,Mar 2007 - Jul 2015 · 8 yrs 5 mos,"Porto Area, Portugal"
pedro-monteiro-03822714,IT Trainer,"D. Sancho Ensino, Lda",Sep 2009 - Jun 2015 · 5 yrs 10 mos,"Porto Area, Portugal"
pedro-monteiro-03822714,Web Developer,Pedro Monteiro,Sep 2005 - Jun 2015 · 9 yrs 10 mos,"Porto Area, Portugal"
jo%C3%A3o-cunha-581161203,Junior Data Engineer,Natixis in Portugal · Full-time,Dec 2021 - Present · 1 yr 3 mos,"Porto, Portugal"
jo%C3%A3o-cunha-581161203,Internship Trainee,Natixis in Portugal · Internship,Mar 2021 - Jul 2021 · 5 mos,"Porto, Portugal"
ivorelvas,Business Analyst | Data Analyst,Natixis in Portugal,Full-time,Oct 2021 - Present · 1 yr 5 mos
ivorelvas,Senior Data Engineer,Natixis in Portugal,Full-time,Jun 2020 - Sep 2021 · 1 yr 4 mos
ivorelvas,Senior Business Intelligence Consultant,Natixis in Portugal,Jun 2019 - May 2020 · 1 yr,"Porto, Porto, Portugal"
ivorelvas,Senior Business Intelligence Consultant,Altran,Jun 2019 - May 2020 · 1 yr,"Vila Nova de Gaia, Porto, Portugal"
ivorelvas,Business Intelligence Specialist,Cerealis,May 2008 - May 2019 · 11 yrs 1 mo,NA
ivorelvas,Software Analyst Consultant,Qimonda,Sep 2007 - May 2008 · 9 mos,NA
ivorelvas,Software Developer,INESC Porto,Sep 2005 - Aug 2007 · 2 yrs,NA
sararochaa,Learning & Development Specialist,Natixis in Portugal,Jan 2019 - Present · 4 yrs 2 mos,NA
sararochaa,Training Management,Team Building,Apr 2018 - Dec 2018 · 9 mos,NA
sararochaa,Sales Advisor,H&M,Nov 2013 - Jun 2018 · 4 yrs 8 mos,NA
jacqueline-m-a8313821,ETL Developer,Natixis in Portugal · Full-time,Oct 2018 - Present · 4 yrs 5 mos,"Porto Area, Portugal"
jacqueline-m-a8313821,Consultant,KCS iT,Oct 2018 - Mar 2021 · 2 yrs 6 mos,"Porto Area, Portugal"
jacqueline-m-a8313821,Consultant,WINPROVIT · Full-time,Dec 2017 - Sep 2018 · 10 mos,"Porto Area, Portugal"
jacqueline-m-a8313821,ETL Developer,Administração Central do Sistema de Saúde,Dec 2017 - Sep 2018 · 10 mos,"Porto Area, Portugal"
jacqueline-m-a8313821,Data Analyst,Self employed IT consultancy,Jan 2013 - Sep 2017 · 4 yrs 9 mos,"São Paulo Area, Brazil"
diana-cabral-31898211,Team Leader,Natixis in Portugal,Mar 2022 - Present · 1 yr,NA
diana-cabral-31898211,Team Lead,Natixis in Portugal,Mar 2020 - Mar 2022 · 2 yrs 1 mo,NA
diana-cabral-31898211,Business Analyst,Natixis,Dec 2018 - Mar 2020 · 1 yr 4 mos,"Porto, Porto, Portugal"
diana-cabral-31898211,Application Development Specialist,Accenture,Jun 2016 - Mar 2020 · 3 yrs 10 mos,"Lisboa, Lisboa, Portugal"
diana-cabral-31898211,Consultant,Syone,Apr 2015 - Jun 2016 · 1 yr 3 mos,"Lisboa e Região, Portugal"
diana-cabral-31898211,Software Engineering Analyst,Accenture,Apr 2014 - Apr 2015 · 1 yr 1 mo,"Lisboa e Região, Portugal"
diana-cabral-31898211,Senior Programmer,Accenture,Jan 2013 - Apr 2014 · 1 yr 4 mos,Lisbon
diana-cabral-31898211,Senior Programmer,Accenture,Aug 2010 - Jan 2013 · 2 yrs 6 mos,Accenture Technology Solutions
nuno-ribeiro-277912a7,Team Leader,Natixis in Portugal,Mar 2021 - Present · 2 yrs,NA
nuno-ribeiro-277912a7,Team Lead,Natixis in Portugal,Mar 2020 - Mar 2021 · 1 yr 1 mo,NA
nuno-ribeiro-277912a7,Consultant,Natixis in Portugal,Apr 2017 - Mar 2020 · 3 yrs,NA
nuno-ribeiro-277912a7,Junior Developer,ITSector,Mar 2015 - Apr 2017 · 2 yrs 2 mos,"Porto e Região, Portugal"
nuno-ribeiro-277912a7,PHC Client Support,LIDERTEAM – Consultadoria e Soluções Informáticas Lda,Oct 2013 - Feb 2015 · 1 yr 5 mos,NA
nuno-ribeiro-277912a7,Developer,iBrandit,Apr 2012 - Jul 2012 · 4 mos,NA
nuno-ribeiro-277912a7,Intern Developer,INOVA+,Oct 2011 - Feb 2012 · 5 mos,NA
aires-cam%C3%B5es-997374139,Data Analyst Trainee,Natixis in Portugal · Internship,Sep 2022 - Present · 6 mos,"Porto, Portugal"
aires-cam%C3%B5es-997374139,Sales Marketing Advisor,"Action Portugal, Marketing Telefónico e Rede de Vendas, S.A. · Full-time",Jan 2020 - Mar 2020 · 3 mos,"Porto, Portugal"
aires-cam%C3%B5es-997374139,"Caixa de atendimento ao cliente, repositor de stock, gestão de stock e clientes","Confesso & Companhia, Lda",Jun 2016 - Aug 2018 · 2 yrs 3 mos,Porto
joel-lopes-05791842,Team Leader,Natixis in Portugal,Oct 2022 - Present · 5 mos,NA
joel-lopes-05791842,Team Lead,Natixis in Portugal,Mar 2022 - Present · 1 yr,NA
joel-lopes-05791842,Senior Data Analyst,Natixis in Portugal,Jun 2020 - Present · 2 yrs 9 mos,NA
joel-lopes-05791842,IT Specialist - Production & Supply Chain,Altran,Apr 2017 - Jun 2020 · 3 yrs 3 mos,"Porto e Região, Portugal"
joel-lopes-05791842,System Consultant,Retail Consult,May 2015 - Apr 2017 · 2 yrs,"Porto e Região, Portugal"
joel-lopes-05791842,Software Engineer,"ALERT Life Sciences Computing, S.A.",Oct 2013 - May 2015 · 1 yr 8 mos,"Porto e Região, Portugal"
joel-lopes-05791842,Engenheiro Informático,PT Inovação,Mar 2009 - Oct 2013 · 4 yrs 8 mos,Aveiro
renatosilvagaio,Team Lead,Natixis in Portugal,Full-time,Apr 2022 - Present · 11 mos
renatosilvagaio,Tech Lead,Natixis in Portugal,Full-time,Feb 2021 - Mar 2022 · 1 yr 2 mos
renatosilvagaio,Senior Software Developer,Natixis in Portugal,Dec 2018 - Feb 2021 · 2 yrs 3 mos,"Porto, Porto, Portugal"
renatosilvagaio,Consultant Senior,Altran,Jun 2018 - Nov 2018 · 6 mos,"Porto e Região, Portugal"
renatosilvagaio,Consultant,NOESIS Portugal,Jul 2014 - May 2018 · 3 yrs 11 mos,"Porto Area, Portugal"
renatosilvagaio,"IT Systems Administrator, DBA, Software Developer",Finantech,Aug 2005 - Feb 2014 · 8 yrs 7 mos,"Porto Area, Portugal"
joaocarloscruzgoncalves,Título KYC Utility and Referential Manager,Natixis in Portugal,Aug 2022 - Present · 7 mos,"Localidade Porto, Portugal"
joaocarloscruzgoncalves,Team Leader,Natixis in Portugal,Jul 2021 - Aug 2022 · 1 yr 2 mos,"Porto, Portugal"
joaocarloscruzgoncalves,Senior Vetting,Natixis in Portugal,Aug 2020 - Jul 2021 · 1 yr,"Porto, Portugal"
joaocarloscruzgoncalves,Responsável Regional,Santander Brasil · Full-time,Aug 2015 - Nov 2019 · 4 yrs 4 mos,Brasil
joaocarloscruzgoncalves,Gestor Regional,Itaú Unibanco,May 2007 - Aug 2015 · 8 yrs 4 mos,Brasil
joaocarloscruzgoncalves,Gestor de Filial,Fininvest Finance & Investment UK,May 2005 - May 2007 · 2 yrs 1 mo,Brasil
joaocarloscruzgoncalves,Gestor comercial,Bradesco Seguros,Jan 1997 - Apr 2005 · 8 yrs 4 mos,Brasil
m%C3%A1rio-macedo-a67128137,PMO Business Development,Natixis in Portugal · Full-time,Nov 2019 - Present · 3 yrs 4 mos,"Porto Area, Portugal"
m%C3%A1rio-macedo-a67128137,SAP Financial Consultant,Mota-Engil,Oct 2017 - Aug 2018 · 11 mos,"Porto Area, Portugal"
m%C3%A1rio-macedo-a67128137,Corporate Banking,Banco Popular Portugal,Mar 2017 - Aug 2017 · 6 mos,"Porto Area, Portugal"
flalves,Team Leader,Natixis,Mar 2021 - Present · 2 yrs,"Porto, Portugal"
flalves,Team Lead,Natixis,Sep 2020 - Mar 2021 · 7 mos,NA
flalves,System Administrator,Natixis,Oct 2018 - Sep 2020 · 2 yrs,"Porto e Região, Portugal"
flalves,DevOps,Jumia Group,Jun 2017 - Sep 2018 · 1 yr 4 mos,"Porto e Região, Portugal"
flalves,Web Engineer,Jumia Group,Jun 2016 - May 2017 · 1 yr,"Porto, Portugal"
flalves,Web Engineer,BySide,Mar 2016 - May 2016 · 3 mos,"Porto e Região, Portugal"
flalves,Web Engineer,Jumia Group,Apr 2015 - Nov 2015 · 8 mos,NA
flalves,Software Engineer | System Administrator | Technical Support,front.end,Jul 2012 - Jan 2015 · 2 yrs 7 mos,"Porto Area, Portugal"
teresa-bravo-40771a64,Team Leader | Transformation & Continuous Improvement,Natixis in Portugal · Full-time,Oct 2021 - Present · 1 yr 5 mos,NA
teresa-bravo-40771a64,Project Leader,Kaizen Institute Western Europe,Jan 2020 - Oct 2021 · 1 yr 10 mos,NA
teresa-bravo-40771a64,Senior Consultant,Kaizen Institute Western Europe,Dec 2018 - Dec 2019 · 1 yr 1 mo,"Lisbon Area, Portugal"
teresa-bravo-40771a64,Consultant,Kaizen Institute Western Europe,Dec 2017 - Dec 2018 · 1 yr 1 mo,"Porto Area, Portugal"
teresa-bravo-40771a64,Perishable Goods Manager,Jerónimo Martins,Jul 2017 - Dec 2017 · 6 mos,"Porto Area, Portugal"
teresa-bravo-40771a64,Management Trainee Program,Jerónimo Martins,Jul 2016 - Jul 2017 · 1 yr 1 mo,"Lisbon Area, Portugal"
teresa-bravo-40771a64,Internal Communication,Tlantic,Jan 2016 - Jun 2016 · 6 mos,"Porto, Portugal"
teresa-bravo-40771a64,Marketing and Communication,Tlantic,Jan 2015 - Dec 2015 · 1 yr,"Porto Alegre Area, Brazil"
teresa-bravo-40771a64,Finance Intern,Tlantic,Sep 2013 - Dec 2014 · 1 yr 4 mos,"Porto Alegre Area, Brazil"
aguiarandreia,HR People Operations Team Leader,Natixis in Portugal,Full-time,Mar 2022 - Present · 1 yr
aguiarandreia,HR Administrative and Consultant,Natixis in Portugal,Jan 2018 - Present · 5 yrs 2 mos,"Porto e Região, Portugal"
aguiarandreia,HR Operations Partner,Blip.pt,Jul 2012 - Jan 2018 · 5 yrs 7 mos,"Porto e Região, Portugal"
aguiarandreia,Human Resources Technical and Administrative,"Novopca, Construtores Associados, SA",Jan 2001 - Apr 2011 · 10 yrs 4 mos,"Porto e Região, Portugal"
aguiarandreia,Customer Service Assistant,Vodafone,Dec 1998 - Feb 2000 · 1 yr 3 mos,"Porto Area, Portugal"
aguiarandreia,Customer Service Assistant,Câmara Municipal de Matosinhos,Feb 1998 - Nov 1998 · 10 mos,Matosinhos
francisco-ser%C3%B4dio-788a44,Senior Software Developer,NATIXIS Portugal,Sep 2017 - Present · 5 yrs 6 mos,"Porto Area, Portugal"
francisco-ser%C3%B4dio-788a44,Oracle - Technical Consultant,Tata Consultancy Services,Feb 2008 - Present · 15 yrs 1 mo,NA
francisco-ser%C3%B4dio-788a44,Oracle Consultant,Tata Consultancy Services,2008 - 2011 · 3 yrs,NA
francisco-ser%C3%B4dio-788a44,TIA Maintenance Team,Liberty Seguros - IT Oracle Consultant,Oct 2015 - Aug 2017 · 1 yr 11 mos,NA
francisco-ser%C3%B4dio-788a44,Senior Software Developer,NATIXIS Portugal,Sep 2017 - 2017 · -7 mos,"Porto Area, Portugal"
francisco-ser%C3%B4dio-788a44,SONAE,Oracle MDM - B2B customer hub,Jul 2014 - Aug 2015 · 1 yr 2 mos,"Porto Area, Portugal"
daniellimafv,IT Team Leader,Natixis Corporate & Investment Banking,Jan 2023 - Present · 2 mos,"Porto, Portugal · Hybrid"
daniellimafv,Senior Business Analyst,Natixis Corporate & Investment Banking,Jul 2022 - Jan 2023 · 7 mos,"Porto, Portugal"
daniellimafv,Project Manager,Grupo Camed,Contract,Jul 2019 - Present · 3 yrs 8 mos
daniellimafv,Senior Business Analyst,Grupo Camed,Full-time,Nov 2013 - Jun 2019 · 5 yrs 8 mos
daniellimafv,Business Analyst,Grupo Camed,Jun 2010 - Oct 2013 · 3 yrs 5 mos,NA
daniellimafv,Senior Business Analyst at Natixis,Aubay Portugal · Full-time,Jan 2021 - Jun 2022 · 1 yr 6 mos,"Porto, Portugal"
daniellimafv,Project Manager,Netgócio · Full-time,Jun 2020 - Dec 2020 · 7 mos,"Guimarães, Braga, Portugal"
gil-torres-668b71a3,Application Delivery Manager,Natixis in Portugal,Aug 2018 - Present · 4 yrs 7 mos,"Porto e Região, Portugal"
gil-torres-668b71a3,Assistente administrativo,armatis-lc,Dec 2014 - Jul 2018 · 3 yrs 8 mos,"Porto e Região, Portugal"
gil-torres-668b71a3,T.C.,Armatis,Feb 2013 - Nov 2014 · 1 yr 10 mos,NA
elisa-da-silva-a44730195,Talent Acquisition Specialist,Natixis in Portugal · Full-time,Mar 2022 - Present · 1 yr,"Porto, Portugal"
elisa-da-silva-a44730195,Junior People Operations/HR Administrative,Natixis in Portugal · Full-time,Apr 2020 - Jan 2022 · 1 yr 10 mos,"Porto, Portugal"
elisa-da-silva-a44730195,Human Resources Internship,Amorim Cork Flooring · Internship,Sep 2018 - Feb 2019 · 6 mos,NA
elisa-da-silva-a44730195,Key Staff,Stave Camping,Jul 2018 - Sep 2018 · 3 mos,"Andoya, Noruega"
elisa-da-silva-a44730195,Waitress,Confeitaria Framboesa · Part-time,Jun 2017 - May 2018 · 1 yr,Albergaria-a-Velha
nadialealcruz,Guest Teacher,IPAM,Jan 2023 - Present · 2 mos,Porto
nadialealcruz,Communication and Marketing Manager,Natixis in Portugal,Jan 2018 - Present · 5 yrs 2 mos,"Porto e Região, Portugal"
nadialealcruz,"Corporate Communication, Brand Management and Social Responsibility",SONAE,Jul 2016 - Dec 2017 · 1 yr 6 mos,"Porto e Região, Portugal"
nadialealcruz,PR and Communication Manager,jp.group (JP Sá Couto),Oct 2014 - Jul 2016 · 1 yr 10 mos,NA
nadialealcruz,International Marketing Executive,jp.group (JP Sá Couto),Sep 2011 - Sep 2014 · 3 yrs 1 mo,NA
nadialealcruz,TV Journalism Intern,SIC,Mar 2011 - Jun 2011 · 4 mos,"Porto e Região, Portugal"
pedro-braga-b01b3828,Technical Lead,Natixis in Portugal · Full-time,Jun 2019 - Present · 3 yrs 9 mos,"Porto Area, Portugal"
pedro-braga-b01b3828,Delivery Manager Enhancement,IBM,Aug 2018 - Mar 2019 · 8 mos,NA
pedro-braga-b01b3828,Sênior BI Consultant,IBM,May 2006 - Aug 2018 · 12 yrs 4 mos,NA
pedro-braga-b01b3828,BI Consultant,Softtek,Aug 2004 - Apr 2006 · 1 yr 9 mos,NA
beatriz-vieira-0b34591a8,KYC Vetting Analyst,Natixis in Portugal · Full-time,Jul 2020 - Present · 2 yrs 8 mos,NA
beatriz-vieira-0b34591a8,Estagiária de verão,Luís Filipe Pirré Advogados,Jul 2018 · 1 mo,Coimbra
philippe-p-ramos-b7977b1a1,Transveral Business Analyst,Natixis in Portugal,Sep 2022 - Present · 6 mos,NA
philippe-p-ramos-b7977b1a1,Especialista em suporte de TI,Natixis in Portugal,Nov 2019 - Sep 2022 · 2 yrs 11 mos,NA
philippe-p-ramos-b7977b1a1,Especialista em suporte de TI,Altran · Full-time,May 2019 - Nov 2019 · 7 mos,"Vila Nova de Gaia, Porto, Portugal"
philippe-p-ramos-b7977b1a1,Agent MD3P,armatis-lc,Sep 2017 - May 2019 · 1 yr 9 mos,NA
philippe-p-ramos-b7977b1a1,teleconselheiro,armatis-lc,Sep 2014 - Sep 2017 · 3 yrs 1 mo,NA
philippe-p-ramos-b7977b1a1,Técnico de Gestao,Carlos Manuel Marques Videira · Full-time,Oct 2002 - Sep 2014 · 12 yrs,"Vila Nova de Foz Côa, Guarda, Portugal"
andreia-rodrigues-6a97a8253,Technology Risk Analyst,Natixis in Portugal · Full-time,Oct 2022 - Present · 5 mos,NA
andreia-rodrigues-6a97a8253,International Applications and Admissions Coordinator,Universidade Católica Portuguesa - Centro Regional do Porto · Full-time,Jun 2010 - Oct 2022 · 12 yrs 5 mos,"Porto, Portugal"
marlene-pereira-561964175,Vetting Analyst,Natixis in Portugal,Jun 2020 - Present · 2 yrs 9 mos,"Porto, Portugal"
marlene-pereira-561964175,Due Diligence Officer,BNP Paribas,Nov 2017 - Jun 2020 · 2 yrs 8 mos,NA
c%C3%A2ndida-cerqueira-862b573b,Management Control & Planning Manager | program manager| PhD student,Natixis in Portugal · Full-time,Mar 2021 - Present · 2 yrs,"Porto, Porto, Portugal"
c%C3%A2ndida-cerqueira-862b573b,Senior PMO & Management Control,Natixis · Full-time,Jun 2019 - Mar 2021 · 1 yr 10 mos,"Porto e Região, Portugal"
c%C3%A2ndida-cerqueira-862b573b,Project Manager Officer at Sonae | BIT,Sonae - Business Information Technology (BIT),Jan 2016 - May 2019 · 3 yrs 5 mos,"Porto, Portugal"
c%C3%A2ndida-cerqueira-862b573b,"IT Financial, Projects and Processes Management Control",Nors Group,Nov 2013 - Dec 2015 · 2 yrs 2 mos,NA
c%C3%A2ndida-cerqueira-862b573b,SI Financial e Quality Controller,Nors Group,Oct 2010 - Oct 2013 · 3 yrs 1 mo,NA
c%C3%A2ndida-cerqueira-862b573b,Payable Account Manager,Auto Sueco,Jun 2009 - Sep 2010 · 1 yr 4 mos,"Porto e Região, Portugal"
c%C3%A2ndida-cerqueira-862b573b,Mulemba Project,Auto Sueco,Apr 2008 - Jun 2009 · 1 yr 3 mos,Porto/Angola
c%C3%A2ndida-cerqueira-862b573b,Customer Service Manager,Auto Sueco,Full-time,Feb 2007 - May 2009 · 2 yrs 4 mos
daniela-barros-27121b135,P2P Specialist Team Leader,Natixis in Portugal,Sep 2021 - Present · 1 yr 6 mos,NA
daniela-barros-27121b135,Account's Payable Team Leader  (P2P),Natixis in Portugal,Sep 2020 - Sep 2021 · 1 yr 1 mo,NA
daniela-barros-27121b135,Team Leader Accounts Payable- Workflow,Groupe PSA,Jun 2018 - Sep 2020 · 2 yrs 4 mos,Porto
daniela-barros-27121b135,Workflow Manager  in the Suppliers Accounting Department,Groupe PSA,Apr 2017 - Sep 2020 · 3 yrs 6 mos,Porto
daniela-barros-27121b135,Accounting Department ; Account Payable,Groupe PSA,Oct 2015 - Sep 2020 · 5 yrs,"Maia, Porto, Portugal"
daniela-barros-27121b135,Management Controler and Project Performance in EDF,EDF · Internship,Feb 2015 - Aug 2015 · 7 mos,Paris Saint Denis
gon%C3%A7alo-graf-seabra,Application Support Engineer,Natixis in Portugal,Full-time,Feb 2021 - Present · 2 yrs 1 mo
gon%C3%A7alo-graf-seabra,Junior Application support engineer,Natixis in Portugal,Sep 2017 - Feb 2021 · 3 yrs 6 mos,Porto
rickcsantos,BI & Big Data Expert Leader @ CIB - TTS - Data,Natixis in Portugal · Full-time,Sep 2020 - Present · 2 yrs 6 mos,"Porto, Portugal"
rickcsantos,Vice President,APBI Associação Portuguesa de Business Intelligence,Mar 2020 - Present · 3 yrs,Portugal
rickcsantos,Board Member,APBI Associação Portuguesa de Business Intelligence,Dec 2013 - Mar 2020 · 6 yrs 4 mos,NA
rickcsantos,Senior Business Intelligence Consultant,BIT | Sonae MC @ DevScope,Jun 2016 - Sep 2020 · 4 yrs 4 mos,NA
rickcsantos,Senior Business Intelligence Consultant,DevScope,Jan 2016 - Sep 2020 · 4 yrs 9 mos,NA
rickcsantos,Business Intelligence Developer,DevScope,Jun 2015 - Jan 2016 · 8 mos,NA
rickcsantos,Business Intelligence Developer,Armis,Nov 2014 - May 2015 · 7 mos,"Porto e Região, Portugal"
jmsampaio,Data Engineer | Team Lead,Natixis in Portugal,Jan 2021 - Present · 2 yrs 2 mos,"Porto, Portugal"
jmsampaio,Senior Business Intelligence Developer,Natixis in Portugal,Dec 2018 - Dec 2020 · 2 yrs 1 mo,"Porto Area, Portugal"
jmsampaio,Application Owner - Business Intelligence DevOps,SONAE,Mar 2011 - Dec 2018 · 7 yrs 10 mos,Porto
jmsampaio,"Project Manager, Product Manager",Sonae Distribuição,Jan 2007 - Feb 2011 · 4 yrs 2 mos,Porto
jmsampaio,"Systems Analyst, Technical Consultant",Sonae Distribuição,May 2003 - Dec 2006 · 3 yrs 8 mos,"Porto Area, Portugal"
jmsampaio,"Systems Analyst  and Programmer, Web Developer",Sonaecom,2002 - 2003 · 1 yr,"Porto Area, Portugal"
jmsampaio,"Systems Analyst  and Programmer, Web Developer",Freelancer,1999 - 2003 · 4 yrs,NA
walmira-costa-65282052,Desenvolvedor,Natixis in Portugal · Full-time,May 2018 - Present · 4 yrs 10 mos,NA
walmira-costa-65282052,Programador de sistemas sênior,Altran,Apr 2017 - May 2018 · 1 yr 2 mos,"Porto e Região, Portugal"
walmira-costa-65282052,Formador Cobol,NHK – Formação e Novas Tecnologias,Apr 2016 - Apr 2017 · 1 yr 1 mo,Lisboa
walmira-costa-65282052,Analista Técnica / Analista Programadora,AskBlue – Barclays / Bankinter,Aug 2016 - Dec 2016 · 5 mos,"Lisboa e Região, Portugal"
walmira-costa-65282052,Desenvolvedor Cobol Senior,Stefanini IT Solutions,Sep 2012 - Apr 2014 · 1 yr 8 mos,"Porto Alegre e Região, Brasil"
joana-parentedacosta,Junior Salesforce Developer,Natixis in Portugal,Full-time,Sep 2022 - Present · 6 mos
joana-parentedacosta,Tech TA,Natixis in Portugal,Jan 2022 - Sep 2022 · 9 mos,NA
joana-parentedacosta,Junior Full Stack Developer,Ironhack · Full-time,Oct 2021 - Sep 2022 · 1 yr,"Madrid, Comunidade de Madrid, Espanha"
joana-parentedacosta,SC Fitness - Business & Operations HR,Sonae Capital,Sep 2019 - Sep 2021 · 2 yrs 1 mo,NA
joana-parentedacosta,People & Culture Supervisor,Primark Stores Limited,Sep 2017 - Sep 2019 · 2 yrs 1 mo,"Porto e Região, Portugal"
joana-parentedacosta,Just a bloguetini but cool thingy,Food for My Mood,Nov 2016 - Sep 2019 · 2 yrs 11 mos,"Porto e Região, Portugal"
matildedarocharodrigues,Transaction Monitoring Analyst,Natixis in Portugal,Sep 2021 - Present · 1 yr 6 mos,NA
matildedarocharodrigues,Billing Manager,Stellantis,Aug 2019 - Sep 2021 · 2 yrs 2 mos,NA
matildedarocharodrigues,Estagiária de Faturação,Stellantis,Internship,Nov 2018 - Aug 2019 · 10 mos
matildedarocharodrigues,Sales Assistant,Clarks,Jun 2018 - Sep 2018 · 4 mos,NA
matildedarocharodrigues,Sales Assistant,Clarks,Jul 2017 - Oct 2017 · 4 mos,NA
matildedarocharodrigues,Sales Assistant,Inditex,Jul 2016 - Feb 2017 · 8 mos,NA
ritasilva97,Junior Risk Analyst,Natixis in Portugal · Full-time,Nov 2020 - Present · 2 yrs 4 mos,"Porto, Portugal"
xenia-caetano,Recursos humanos,Natixis in Portugal · Internship,Aug 2022 - Present · 7 mos,"Porto, Portugal"
xenia-caetano,Website management,Porto Global Hub · Internship,Nov 2019 - Jun 2020 · 8 mos,"Porto, Portugal"
franciscocoelho,DBA Team Leader,Natixis in Portugal,Full-time,Jan 2021 - Present · 2 yrs 2 mos
franciscocoelho,DBA Team Lead,Natixis in Portugal,Full-time,Oct 2020 - Dec 2020 · 3 mos
franciscocoelho,DBA at Natixis,Natixis in Portugal,Mar 2019 - Sep 2020 · 1 yr 7 mos,"Porto, Porto, Portugal"
franciscocoelho,DBA Team Lead,CORE Technology - A Cultura Company,Jan 2018 - Feb 2019 · 1 yr 2 mos,"Mitchelstown, Munster, Ireland"
franciscocoelho,Senior Oracle Database Administrator,CORE Technology - A Cultura Company,Oct 2013 - Dec 2017 · 4 yrs 3 mos,NA
franciscocoelho,IT Manager,Cotecna Angola,Sep 2012 - Oct 2013 · 1 yr 2 mos,NA
franciscocoelho,CRMS Administrator,Cotecna Angola,Nov 2011 - Aug 2012 · 10 mos,NA
franciscocoelho,Dba and systems Analyst,Critical Software,Mar 2011 - Oct 2011 · 8 mos,"Porto Area, Portugal"
franciscocoelho,Dba and systems Analyst,Critical Software,Aug 2010 - Mar 2011 · 8 mos,"São Paulo Area, Brazil"
franciscocoelho,Oracle Dba / Senior Engineer,Critical Software,Aug 2008 - Jul 2010 · 2 yrs,"Roma e redondezas, Itália"
franciscocoelho,Senior Engineer,Finibanco,Jan 2004 - Jan 2007 · 3 yrs 1 mo,"Porto Area, Portugal"
jo%C3%A3o-oliveira-dos-santos-942a87164,KYC/AML - Vetting and Quality Control Analyst,Natixis in Portugal,Jul 2021 - Present · 1 yr 8 mos,NA
jo%C3%A3o-oliveira-dos-santos-942a87164,KYC/AML - Junior Vetting Analyst,Natixis in Portugal,Aug 2020 - Jul 2021 · 1 yr,NA
jo%C3%A3o-oliveira-dos-santos-942a87164,Trainee Lawyer,"Azevedo Mendes & Associsdos, RL",Sep 2018 - Feb 2020 · 1 yr 6 mos,NA
jo%C3%A3o-oliveira-dos-santos-942a87164,Rapporteur of the Fiscal Council,ELSA,Sep 2017 - Jul 2018 · 11 mos,"Porto, Porto, Portugal"
il%C3%ADdio-santos-b3284670,Team Leader,Natixis in Portugal,Mar 2022 - Present · 1 yr,"Porto, Portugal"
il%C3%ADdio-santos-b3284670,Team Lead,Natixis in Portugal,Mar 2020 - Mar 2022 · 2 yrs 1 mo,NA
il%C3%ADdio-santos-b3284670,Tech Lead,Natixis in Portugal,Jun 2018 - Feb 2020 · 1 yr 9 mos,"Porto e Região, Portugal"
il%C3%ADdio-santos-b3284670,Análise de Sistemas e Desenvolvimento de Software,EGITRON,1999 - Mar 2017 · 18 yrs 3 mos,Portugal
lucie-macaire,Consultant - Business Management | Transformation,Natixis in Portugal,Sep 2022 - Present · 6 mos,NA
lucie-macaire,Senior IT Talent Acquisition Specialist,Natixis in Portugal,Apr 2022 - Sep 2022 · 6 mos,NA
lucie-macaire,Junior IT Talent Acquisition Specialist,Natixis in Portugal,May 2020 - Apr 2022 · 2 yrs,"Porto, Portugal"
lucie-macaire,Human Resources Recruiter,Randstad,Feb 2019 - May 2020 · 1 yr 4 mos,"Porto e Região, Portugal"
lucie-macaire,Estagiária,Business Value- consultoria de gestão,Feb 2017 - Jun 2017 · 5 mos,"Porto e Região, Portugal"
juliana-rosete,Senior Financing Analyst - Global Financing Operations,Natixis in Portugal,Full-time,Feb 2022 - Present · 1 yr 1 mo
juliana-rosete,Financing Analyst - Global Financing Operations,Natixis in Portugal,Apr 2020 - Feb 2022 · 1 yr 11 mos,NA
juliana-rosete,Back Office Forex,BNP Paribas Securities Services,Nov 2017 - Sep 2019 · 1 yr 11 mos,NA
juliana-rosete,Back Office Account Manager - Listed Derivatives,BNP Paribas Securities Services,Full-time,Sep 2017 - Sep 2019 · 2 yrs 1 mo
juliana-rosete,International Relations Division Member,Associação Académica de Coimbra,Sep 2014 - Jul 2017 · 2 yrs 11 mos,Faculty of Economics - University of Coimbra
juliana-rosete,Summer University Monitor,Universidade de Coimbra,Jun 2015 · 1 mo,"Coimbra Area, Portugal"
tiago-santos-844310185,Junior Transaction Monitoring Analyst,Natixis in Portugal,Nov 2022 - Present · 4 mos,"Porto, Portugal"
tiago-santos-844310185,Transaction Monitoring Analyst Trainee,Natixis in Portugal,Nov 2021 - Nov 2022 · 1 yr 1 mo,NA
tiago-santos-844310185,Sales Assistant,Worten Portugal,Nov 2019 - Oct 2021 · 2 yrs,"Guimarães, Braga, Portugal"
tiago-santos-844310185,Delegate to the Committee on Economic and Monetary Affairs,Coimbra 2019 – International Forum of EYP Portugal.,Aug 2019 · 1 mo,Coimbra
tiago-santos-844310185,Collaborator,Escola de Economia e Gestão - Universidade do Minho,Sep 2018 - May 2019 · 9 mos,NA
tiago-santos-844310185,Accounting Assistant,"Augusto Ferreira- Contabilidade e Gestão, Unipessoal Lda. · Internship",Sep 2015 - May 2016 · 9 mos,"Felgueiras, Porto, Portugal"
marinalalves,Data Analyst,Natixis in Portugal,Apr 2021 - Present · 1 yr 11 mos,"Porto, Portugal"
marinalalves,Data Analyst,Natixis in Portugal,Mar 2020 - Apr 2021 · 1 yr 2 mos,"Porto, Portugal"
marinalalves,Information Technology Business Analyst,Aubay · Full-time,Mar 2020 - Apr 2021 · 1 yr 2 mos,"Porto, Portugal"
marinalalves,Marketing Data Manager,Santa Clara - Agency & Communication Consultant,Jul 2018 - Sep 2019 · 1 yr 3 mos,"São Paulo Area, Brazil"
marinalalves,Freelances -- Data Analyst,Isobar,Jul 2018 · 1 mo,"São Paulo Area, Brazil"
marinalalves,Media & Data Analysis Supervisor,Moringa Digital,Jan 2018 - Jun 2018 · 6 mos,"Remote (agency is Brasilia, Federal District based)"
ana-carolina-campbell,Talent Acquisition Specialist,Natixis in Portugal · Full-time,Oct 2021 - Present · 1 yr 5 mos,"Porto, Portugal"
ana-carolina-campbell,HR Permanent Placement Consultant,Adecco · Internship,Jul 2021 - Oct 2021 · 4 mos,"Porto, Portugal"
ana-carolina-campbell,Curricular Internship of Human Resources,Cyango - Storytelling Virtual Tours · Internship,Mar 2021 - Jun 2021 · 4 mos,"Lisbon, Portugal"
mayarapetropolisbarros,Junior Transaction Monitoring Analyst,Natixis in Portugal,Aug 2022 - Present · 7 mos,"Porto, Portugal"
mayarapetropolisbarros,Legal & Compliance Trainee,Efacec · Full-time,Sep 2021 - Aug 2022 · 1 yr,"Porto, Portugal"
mayarapetropolisbarros,Junior Lawyer,Rotta Advogados · Part-time,Feb 2018 - Jul 2018 · 6 mos,"Rio de Janeiro e Região, Brasil"
mayarapetropolisbarros,Researcher,Freelance,Aug 2017 - Dec 2017 · 5 mos,"Rio de Janeiro, Brazil"
mayarapetropolisbarros,Lawyer,Independent Lawyer · Self-employed,Aug 2014 - Dec 2017 · 3 yrs 5 mos,Rio de Janeiro
alexandrediaseng,Workstation & Application Packaging Team Manager,Natixis in Portugal · Full-time,Mar 2017 - Present · 6 yrs,Porto
alexandrediaseng,Software Change & Configuration Manager (SCCM) / Team Leader,"ALERT Life Sciences Computing, S.A.",Aug 2015 - Feb 2017 · 1 yr 7 mos,"Porto Area, Portugal"
alexandrediaseng,DevOps Engineer,Porto Tech Center,Jul 2015 · 1 mo,"Porto Area, Portugal"
alexandrediaseng,Software Change & Configuration Manager (SCCM) / Team Leader,"ALERT Life Sciences Computing, S.A.",May 2008 - Jun 2015 · 7 yrs 2 mos,"Porto Area, Portugal"
alexandrediaseng,SCCM / Project Manager / Scrum Master / Team leader,Nokia Siemens Networks,Apr 2007 - May 2008 · 1 yr 2 mos,"Aveiro Area, Portugal"
nunoasantos,Business Analyst | Application Owner,Natixis in Portugal,Oct 2021 - Present · 1 yr 5 mos,NA
nunoasantos,Business Analyst,Natixis in Portugal,Jan 2021 - Sep 2021 · 9 mos,NA
nunoasantos,Business Analysis Trainer,Smarter Execution · Freelance,Feb 2022 - Present · 1 yr 1 mo,Remote
nunoasantos,Researcher,Centro ALGORITMI,Feb 2009 - Present · 14 yrs 1 mo,"Guimarães Area, Portugal"
nunoasantos,Business Analyst,ALTER SOLUTIONS PORTUGAL · Full-time,Jan 2021 - Jan 2022 · 1 yr 1 mo,NA
nunoasantos,Invited Professor,ESTG-IPVC · Part-time,Feb 2021 - Aug 2021 · 7 mos,"Viana do Castelo, Portugal"
fernanda-pra%C3%A7a-9aa97b6,Talent Sourcer Specialist,Natixis in Portugal · Full-time,Apr 2022 - Present · 11 mos,Portugal
fernanda-pra%C3%A7a-9aa97b6,Talent Sourcer Specialist,Natixis Corporate & Investment Banking · Full-time,Apr 2022 - Present · 11 mos,NA
fernanda-pra%C3%A7a-9aa97b6,International Recruiter,Majorel Portugal · Full-time,Aug 2021 - Apr 2022 · 9 mos,Portugal
fernanda-pra%C3%A7a-9aa97b6,Real Time Analyst,Majorel · Full-time,Mar 2021 - Aug 2021 · 6 mos,Portugal
fernanda-pra%C3%A7a-9aa97b6,Senior Receptionist,Silversea Cruises,Apr 2019 - Aug 2021 · 2 yrs 5 mos,Around the World
fernanda-pra%C3%A7a-9aa97b6,Receptionist,Silversea Cruises,Aug 2017 - Apr 2019 · 1 yr 9 mos,around the world
carloscunha1,Business Intelligence & Data Analyst,Natixis in Portugal · Full-time,Jan 2021 - Present · 2 yrs 2 mos,"Porto, Portugal"
carloscunha1,Independent Consultant,Portugal,Jul 2017 - Present · 5 yrs 8 mos,Portugal
carloscunha1,Jr Business Intelligence Developer,NTT DATA · Full-time,Apr 2020 - Dec 2020 · 9 mos,"Porto, Portugal"
carloscunha1,Senior Logging Geologist,Ascendant Resources Inc.,Aug 2018 - Jan 2019 · 6 mos,Portugal
carloscunha1,Mine and project geologist,Minaport - Minas de Portugal Lda,Jan 2017 - Jun 2017 · 6 mos,Portugal
ana-pinho-428aa240,Talent Acquisition Specialist,Natixis in Portugal · Full-time,Sep 2022 - Present · 6 mos,"Porto, Portugal · Hybrid"
ana-pinho-428aa240,Talent Acquisition Specialist,Growin · Full-time,May 2021 - Sep 2022 · 1 yr 5 mos,"Porto, Portugal"
ana-pinho-428aa240,HR Specialist,DXC Technology · Full-time,Apr 2018 - May 2021 · 3 yrs 2 mos,"Prague, The Capital, Czech Republic"
ana-pinho-428aa240,Junior Consultant,NonStop Recruitment · Full-time,Sep 2017 - Mar 2018 · 7 mos,"Prague, The Capital, Czech Republic"
ana-pinho-428aa240,Psychologist,Neuroimprove Clinic,Sep 2015 - Mar 2017 · 1 yr 7 mos,"Porto e Região, Portugal"
antonio-cavalcanti,Senior ETL Developer,Natixis in Portugal · Full-time,Jun 2021 - Present · 1 yr 9 mos,"Porto, Portugal"
antonio-cavalcanti,Senior Engineering Consultant,Altran · Full-time,Mar 2020 - Jun 2021 · 1 yr 4 mos,"Porto, Portugal"
antonio-cavalcanti,Consultant,KCS iT,Sep 2019 - Mar 2020 · 7 mos,"Porto Area, Portugal"
antonio-cavalcanti,Consultant,Accenture,Mar 2010 - Aug 2019 · 9 yrs 6 mos,"Recife Area, Brazil"
antonio-cavalcanti,IT Support,Companhia Energetica de Alagoas,Nov 2009 - Mar 2010 · 5 mos,NA
dbandre,Senior Database Administrator,Natixis in Portugal · Full-time,Feb 2021 - Present · 2 yrs 1 mo,"Porto, Portugal"
dbandre,Senior Database Administrator,Timestamp · Full-time,Dec 2019 - Feb 2021 · 1 yr 3 mos,Portugal
dbandre,Senior Database Administrator,IBM,Jun 2012 - Nov 2019 · 7 yrs 6 mos,"Rio de Janeiro Area, Brazil"
dbandre,Database Team Leader \ BI Analyst,IBM,May 2011 - Mar 2014 · 2 yrs 11 mos,EBX
dbandre,Database Administrator,BRQ Digital Solutions,Mar 2011 - Jun 2012 · 1 yr 4 mos,"Rio de Janeiro Area, Brazil"
dbandre,Senior Database Administrator,Stefanini,Sep 2010 - Jun 2011 · 10 mos,Petrobras
pauloricardogrilo,Business Intelligence Developer,Natixis in Portugal · Full-time,Jul 2018 - Present · 4 yrs 8 mos,"Porto Area, Portugal"
pauloricardogrilo,Business Intelligence Developer @ Natixis,Smart Consulting - Delivering IT,Jul 2018 - Jul 2019 · 1 yr 1 mo,"Porto e Região, Portugal"
pauloricardogrilo,Business Intelligence Consultant @ Wedo Technologies,Decskill,Mar 2016 - Jul 2018 · 2 yrs 5 mos,"Porto Area, Portugal"
pauloricardogrilo,BI Developer,PT Inovação e Sistemas / Olisipo,May 2014 - Mar 2016 · 1 yr 11 mos,"Aveiro e Região, Portugal"
pauloricardogrilo,Superior Technician Healthcare Informatics,"SPMS, EPE - Serviços Partilhados do Ministério da Saúde",Jul 2012 - May 2014 · 1 yr 11 mos,"Porto e Região, Portugal"
filipasantiago,HR CoE Leader & HR Business Partner,Natixis in Portugal,Jun 2021 - Present · 1 yr 9 mos,"Porto, Portugal"
filipasantiago,HR Business Partner / L&D Coordinator,Natixis in Portugal,Mar 2018 - May 2021 · 3 yrs 3 mos,"Porto Area, Portugal"
filipasantiago,GBS HR Business Partner & Country Talent Acquisition/Communications Leader,Faurecia,May 2013 - Mar 2018 · 4 yrs 11 mos,"São João da Madeira, Portugal"
filipasantiago,HR Specialist,Faurecia,Feb 2011 - May 2013 · 2 yrs 4 mos,"São João da Madeira, Aveiro, Portugal"
filipasantiago,Human Resources Trainee,Skills-RH,Feb 2010 - Oct 2010 · 9 mos,"Porto e Região, Portugal"
luistmendes,Junior Business Analyst,Natixis in Portugal,Jul 2022 - Present · 8 mos,NA
luistmendes,Operations Analyst,Natixis in Portugal,Oct 2021 - Jul 2022 · 10 mos,NA
luistmendes,Operations Analyst,Marsh,Jan 2018 - Oct 2018 · 10 mos,"Porto e Região, Portugal"
luistmendes,Business Manager,PrimeIT,Jan 2017 - Oct 2017 · 10 mos,"Porto e Região, Portugal"
catarina-de-moura-ferreira-,IT Business Analyst / Product Owner,Natixis in Portugal · Full-time,Jun 2021 - Present · 1 yr 9 mos,"Porto, Portugal"
catarina-de-moura-ferreira-,IT Business Analyst,ITSector · Full-time,Sep 2019 - Jun 2021 · 1 yr 10 mos,"Porto e Região, Portugal"
catarina-de-moura-ferreira-,Business Analyst Intern,i2S Insurance Knowledge · Internship,Feb 2019 - Jul 2019 · 6 mos,"Porto e Região, Portugal"
catarina-de-moura-ferreira-,Professional Training,Oracle · Apprenticeship,Dec 2018 - Feb 2019 · 3 mos,"Porto e Região, Portugal"
catarina-de-moura-ferreira-,Projects' Department Coordinator,European Youth Parliament (EYP),Feb 2018 - Dec 2018 · 11 mos,"Porto e Região, Portugal"
catarina-de-moura-ferreira-,Board Member,European Youth Parliament (EYP),Aug 2017 - Dec 2018 · 1 yr 5 mos,"Porto Area, Portugal"
catarina-de-moura-ferreira-,Department Coordinator - Fundraising and Public Relations Department,European Youth Parliament (EYP),Aug 2017 - Jan 2018 · 6 mos,"Porto, Portugal"
vanessa-fernandes-ribeiro,Transaction Monitoring Analyst,Natixis in Portugal,Jan 2022 - Present · 1 yr 2 mos,NA
vanessa-fernandes-ribeiro,Junior Transaction Monitoring Analyst,Natixis in Portugal,Dec 2020 - Dec 2021 · 1 yr 1 mo,NA
vanessa-fernandes-ribeiro,Process Manager,Era Valongo · Full-time,Jul 2020 - Nov 2020 · 5 mos,NA
vanessa-fernandes-ribeiro,Trainee Lawyer,Pinto de Almeida & Associados; DRM - Advogados · Internship,Oct 2017 - Dec 2019 · 2 yrs 3 mos,NA
catarina-b-alves,Junior Surveillance Analyst,Natixis in Portugal · Full-time,Nov 2020 - Present · 2 yrs 4 mos,NA
catarina-b-alves,Event Host,Top Hospedeiras,2018 - Nov 2020 · 2 yrs 11 mos,Portugal
catarina-b-alves,Finalist Comission | Cultural Department Member,FEP’s Finalist Commission,Sep 2017 - Sep 2018 · 1 yr 1 mo,NA
catarina-b-alves,Summer Internship,maria bonet interiorista,2017 · Less than a year,"Vigo e Região, Espanha"
mathildeoudin,Talent Acquisition Specialist,Natixis in Portugal · Full-time,Sep 2021 - Present · 1 yr 6 mos,"Porto, Portugal"
mathildeoudin,Mission Learning & HR,Natixis Payments · Apprenticeship,Sep 2020 - Sep 2021 · 1 yr 1 mo,"Charenton-le-Pont, Île-de-France, France"
mathildeoudin,"Chargée RH, Qualité de Vie au Travail, politique handicap et mixité",Crédit Foncier · Apprenticeship,Aug 2019 - Sep 2020 · 1 yr 2 mos,Charenton
jo%C3%A3o-salgado-05583113,Business Unit Manager for IT Payments (Director and Member of the Porto Executive Committee),Natixis in Portugal · Full-time,Nov 2020 - Present · 2 yrs 4 mos,"Porto, Portugal"
jo%C3%A3o-salgado-05583113,Commerce Realized Practice Leader - Director (Capgemini Brazil),ITELIOS Brasil,Full-time,May 2020 - Oct 2020 · 6 mos
jo%C3%A3o-salgado-05583113,Chief Operating Officer,ITELIOS Brasil,May 2016 - Apr 2020 · 4 yrs,"Région de São Paulo, Brésil"
jo%C3%A3o-salgado-05583113,E-commerce Project Manager,Itelios,Aug 2014 - Apr 2016 · 1 yr 9 mos,"Région de Paris, France"
jo%C3%A3o-salgado-05583113,Digital Project Manager,Micropole,Jan 2011 - Jul 2014 · 3 yrs 7 mos,"Région de Paris , France"
jo%C3%A3o-salgado-05583113,Senior Software Developer (Java),Micropole,Jun 2009 - Dec 2010 · 1 yr 7 mos,"Région de Paris , France"
jo%C3%A3o-salgado-05583113,Technical Analyst (Java),BearingPoint,Oct 2008 - Mar 2009 · 6 mos,"Région de Paris , France"
brunopera,Business Analyst | Market Risk Data Quality and Repositories Supervision,Natixis in Portugal · Full-time,Aug 2020 - Present · 2 yrs 7 mos,"Porto, Portugal"
brunopera,Product Owner,Critical Software,Jun 2019 - Aug 2020 · 1 yr 3 mos,NA
brunopera,Functional Analyst,Critical Software,Aug 2018 - Jun 2019 · 11 mos,NA
brunopera,Functional Analyst,"iTGROW - Software e Sistemas, ACE",Aug 2015 - Aug 2018 · 3 yrs 1 mo,Porto
brunopera,Process Manager - internship,Banco BPI,Jul 2014 - Jul 2015 · 1 yr 1 mo,"Porto e Região, Portugal"
brunopera,Secretário,Associação de estudantes E.S. Miranda do Douro,2007 - 2008 · 1 yr,Miranda do Douro
tiagocpires,Senior Business Intelligence Developer,Natixis in Portugal · Full-time,Dec 2022 - Present · 3 mos,"Porto, Portugal · Hybrid"
tiagocpires,BI Consultant at Natixis Portugal,Decskill · Full-time,Dec 2021 - Dec 2022 · 1 yr 1 mo,"Porto, Portugal · Hybrid"
tiagocpires,BI Consultant,Capgemini Engineering · Full-time,Jun 2021 - Dec 2021 · 7 mos,"Lisboa, Portugal"
tiagocpires,BI Consultant,Closer Consulting,Aug 2020 - Jun 2021 · 11 mos,NA
tiagocpires,Trainee,Closer Consulting,Mar 2020 - Aug 2020 · 6 mos,NA
tiago-pires-b907961a3,KYC Analyst,Natixis in Portugal · Full-time,Mar 2022 - Present · 1 yr,"Porto, Portugal"
tiago-pires-b907961a3,Advogado estagiário,Antonio Crespos Couto  · Internship,Sep 2019 - Sep 2021 · 2 yrs 1 mo,"Coimbra, Coimbra, Portugal"
lcportela,Quality Assurance Analyst - Tester,Natixis in Portugal,Nov 2018 - Present · 4 yrs 4 mos,"Porto e Região, Portugal"
lcportela,Quality Assurance Analyst,Adtalem Global Education,Mar 2018 - Oct 2018 · 8 mos,"Porto Area, Portugal"
lcportela,Quality Assurance Analyst,Retail Consult,Feb 2017 - Feb 2018 · 1 yr 1 mo,"Porto Area, Portugal"
lcportela,IT freelancer,Freelancer,2013 - 2016 · 3 yrs,NA
lcportela,Business Intelligence Consultant,ZON Multimédia,Sep 2010 - Sep 2011 · 1 yr 1 mo,"Lisbon Area, Portugal"
mariana-ferreira97,Talent Acquisition Specialist | Natixis | Hiring Top Talent in France,Natixis in Portugal · Full-time,Aug 2021 - Present · 1 yr 7 mos,"Porto, Portugal"
mariana-ferreira97,Consultant Trainee - Secretarial & Office Management,Michael Page · Internship,Feb 2021 - Jun 2021 · 5 mos,NA
mariana-ferreira97,Junior Recruitment Consultant,Get The Job · Part-time,Jun 2020 - Oct 2020 · 5 mos,"Lisboa, Portugal"
mariana-ferreira97,Trainee,Prosegur · Internship,Jul 2019 - Sep 2019 · 3 mos,"Lisboa e Região, Portugal"
mariana-ferreira97,Health Expenses Costumer Advisor,GENERATION SAS · Full-time,Feb 2018 - May 2018 · 4 mos,Lisboa
sandrinemferreira,Talent Acquisition Specialist | French Banking Profiles,Natixis in Portugal,Aug 2021 - Present · 1 yr 7 mos,"Porto, Portugal"
sandrinemferreira,Payroll Intern | Global Compliance & Reporting | Payroll Services,EY,Feb 2021 - Jul 2021 · 6 mos,"Lisboa, Portugal"
sandrinemferreira,Talent Acquisition Intern,360imprimir,Mar 2020 - Jul 2020 · 5 mos,"Lisboa, Portugal"
sandrinemferreira,Gap Year in Switzerland,Gap Year | Switzerland,Sep 2018 - Dec 2019 · 1 yr 4 mos,"Genebra, Suíça"
sandrinemferreira,Recruiter | Curricular Internship,Adecco,Jun 2017 - Sep 2017 · 4 mos,"Lisboa, Portugal"
rui-silva-8b8446153,Team Leader Transaction Monitoring,Natixis in Portugal,Jan 2021 - Present · 2 yrs 2 mos,NA
rui-silva-8b8446153,Senior Transaction Monitoring Analyst,Natixis in Portugal,Apr 2020 - Jan 2021 · 10 mos,NA
rui-silva-8b8446153,"Fraud, Payments and KYC Team Leader",SkyInfoTech · Full-time,Oct 2019 - Mar 2020 · 6 mos,"Valadares, Vila Nova Gaia"
rui-silva-8b8446153,"Risk, Fraud & Payments Agent",Solverde Casinos & Hotéis · Full-time,Sep 2018 - Oct 2019 · 1 yr 2 mos,"Espinho, Aveiro, Portugal"
rui-silva-8b8446153,Senior Fraud Analyst,NOS SGPS,Jul 2015 - Sep 2018 · 3 yrs 3 mos,NA
rui-silva-8b8446153,Senior Claims Analyst,NOS SGPS,Jul 2014 - Jul 2015 · 1 yr 1 mo,NA
rui-silva-8b8446153,Senior Billing Analyst,ZON Multimédia,Jul 2013 - Jul 2014 · 1 yr 1 mo,"Porto, Portugal"
luisfgeraldes,Senior Application Support Engineer,Natixis in Portugal,Full-time,Mar 2021 - Present · 2 yrs
luisfgeraldes,Application Support Engineer,Natixis in Portugal,Jan 2018 - Mar 2021 · 3 yrs 3 mos,"Porto e Região, Portugal"
luisfgeraldes,Administrador de Sistemas Linux,Portugal Telecom,Jun 2016 - Jan 2018 · 1 yr 8 mos,NA
luisfgeraldes,TOC - Technical Operations Center - Cloud Control Center / First Line Support @ PT Data Center,Portugal Telecom,Dec 2014 - Jun 2016 · 1 yr 7 mos,NA
luisfgeraldes,TOC - Technical Operations Center - Cloud Control Center @ PT Cloud e Data Centers in PT DataCenter,Syone SBS Software,Feb 2014 - Nov 2014 · 10 mos,Covilhã
luisfgeraldes,Promotor de Vendas (Part-time),Adicional Logistics,Jan 2013 - Feb 2013 · 2 mos,Covilhã
luisfgeraldes,Operador de Fluxo Alimentar (Part-time),Modelo Continente,Jul 2011 - Jan 2012 · 7 mos,Covilhã
rita-tavares-aa03a122,Talent Acquisition Leader,Natixis in Portugal · Full-time,Mar 2022 - Present · 1 yr,"Porto, Portugal"
rita-tavares-aa03a122,Recruiter,adidas · Full-time,Oct 2021 - Mar 2022 · 6 mos,"Porto, Portugal"
rita-tavares-aa03a122,Global Talent Acquisition Team Leader,GKN Automotive · Full-time,Feb 2020 - Oct 2021 · 1 yr 9 mos,"Porto, Portugal"
rita-tavares-aa03a122,Senior Consultant & Team Leader,Hays · Full-time,Feb 2016 - Jan 2020 · 4 yrs,"Porto e Região, Portugal"
rita-tavares-aa03a122,Human Resources Technician,Adecco Portugal · Full-time,Mar 2015 - Feb 2016 · 1 yr,Aveiro
joelteixeira,Senior SharePoint & RightFax Administrator,Natixis in Portugal,Dec 2017 - Present · 5 yrs 3 mos,NA
joelteixeira,Systems Administrator,NANIUM S.A,Aug 2013 - Dec 2017 · 4 yrs 5 mos,Vila do Conde
joelteixeira,IT Helpdesk Technician,Qimonda // Nanium,Jan 2009 - Aug 2013 · 4 yrs 8 mos,NA
joelteixeira,Trainee Computer Technician,Preh,Oct 2006 - Jun 2007 · 9 mos,NA
sandraosoriosantos,Head of BPCE SI Porto,Natixis in Portugal,Jul 2022 - Present · 8 mos,NA
sandraosoriosantos,IT Team Manager,Natixis in Portugal,Full-time,Jan 2020 - Present · 3 yrs 2 mos
sandraosoriosantos,Head of IT Operations - Global Applications,COFCO International,Mar 2019 - Jan 2020 · 11 mos,"Porto e Região, Portugal"
sandraosoriosantos,IT Team Manager,Natixis,Mar 2017 - Mar 2019 · 2 yrs 1 mo,"Porto, Porto, Portugal"
sandraosoriosantos,Manager & Project Manager,Euronext's Technology Centre - Portugal,Sep 2016 - Mar 2017 · 7 mos,"Porto Area, Portugal"
sandraosoriosantos,Project Manager,Timestamp,Dec 2015 - Aug 2016 · 9 mos,"Lisbon Area, Portugal"
phpbraz,Vetting Analyst EMEA (Onboarding),Natixis in Portugal · Full-time,Dec 2021 - Present · 1 yr 3 mos,"Porto, Portugal"
phpbraz,Transaction Monitoring Analyst,Natixis in Portugal · Full-time,Apr 2021 - Jun 2021 · 3 mos,Porto
diana-rodrigues-5a323186,HR Support Emplois Jeunes,Natixis · Full-time,Jul 2020 - Present · 2 yrs 8 mos,"Porto, Portugal"
diana-rodrigues-5a323186,HR Specialist,adidas,Jan 2020 - Jun 2020 · 6 mos,NA
diana-rodrigues-5a323186,HR Administrator,adidas,Dec 2018 - Dec 2019 · 1 yr 1 mo,NA
diana-rodrigues-5a323186,HR Specialist Expert,Bosch Portugal,Jan 2018 - Nov 2018 · 11 mos,NA
diana-rodrigues-5a323186,HR Specialist,Bosch Portugal,Sep 2016 - Dec 2017 · 1 yr 4 mos,NA
diana-rodrigues-5a323186,International Settlements Account Manager,BNP Paribas Securities Services,Feb 2016 - Aug 2016 · 7 mos,"Lisboa e Região, Portugal"
diana-rodrigues-5a323186,Senior Apple Advisor,Concentrix,Mar 2015 - Jul 2015 · 5 mos,NA
diana-rodrigues-5a323186,Apple Advisor,Concentrix,Jun 2014 - Feb 2015 · 9 mos,NA
filipaamaral,Human Resources Business Partner,Natixis in Portugal,Sep 2022 - Present · 6 mos,NA
filipaamaral,"Manager, People & Culture",Jolera Inc.,Feb 2021 - Sep 2022 · 1 yr 8 mos,NA
filipaamaral,HR Generalist,Jolera Inc.,Jan 2020 - Feb 2021 · 1 yr 2 mos,NA
filipaamaral,Talent Acquisition & Recruitment Technician,Proef,Aug 2018 - Jan 2020 · 1 yr 6 mos,"Porto e Região, Portugal"
filipaamaral,Career Management Coordinator & Headhunting Consultant,Global Head Hunters,Jul 2016 - Aug 2018 · 2 yrs 2 mos,NA
filipaamaral,Trainee,Global Head Hunters,Sep 2015 - Jun 2016 · 10 mos,NA
joanarfcarvalho,IT Business Analyst,Natixis in Portugal,Mar 2021 - Aug 2022 · 1 yr 6 mos,"Porto, Portugal"
joanarfcarvalho,IT Analyst Consultant,Natixis in Portugal,Sep 2019 - Feb 2021 · 1 yr 6 mos,"Porto e Região, Portugal"
joanarfcarvalho,IT Analyst Consultant,Inetum,Sep 2019 - Feb 2021 · 1 yr 6 mos,"Porto e Região, Portugal"
joanarfcarvalho,Assistant Consultant,PwC Portugal,Sep 2017 - Aug 2019 · 2 yrs,"Porto Area, Portugal"
joanarfcarvalho,Retail Assistant,Primark Stores Limited,Nov 2016 - Jul 2017 · 9 mos,Porto
joanarfcarvalho,Accounting Internship,"Simplifik - Unipessoal, Lda",Feb 2016 - Aug 2016 · 7 mos,Porto
